Rank,NameCountry/Region,No. of FTE Students,No. of students per staff,International Students,Female:Male Ratio
1,University of OxfordUnited KingdomCoursesEnquireAdmissions Support,"20,298",11,40%,46:54:00
2,University of CambridgeUnited KingdomCoursesEnquireAdmissions Support,"18,749",10.9,37%,46:54:00
3,Stanford UniversityUnited StatesCoursesExplore,"15,878",7.4,23%,43:57:00
4,Massachusetts Institute of TechnologyUnited StatesCoursesEnquireAdmissions Support,"11,231",8.7,34%,38 : 62
5,California Institute of TechnologyUnited StatesCoursesEnquireAdmissions Support,"2,255",6.5,29%,33 : 67
6,Harvard UniversityUnited StatesCoursesEnquireAdmissions Support,"20,595",9.1,26%,48:52:00
7,Princeton UniversityUnited StatesCoursesEnquireAdmissions Support,"7,996",8.2,24%,45:55:00
8,Yale UniversityUnited StatesCoursesEnquireAdmissions Support,"12,318",5.2,20%,50:50:00
9,Imperial College LondonUnited KingdomCoursesEnquireAdmissions Support,"16,425",11.7,56%,38 : 62
10,The University of ChicagoUnited StatesCoursesExplore,"13,562",6.1,25%,44:56:00
11,ETH ZurichSwitzerlandCourses,"18,171",12.3,39%,31 : 69
12,Johns Hopkins UniversityUnited StatesCoursesEnquireAdmissions Support,"16,146",4.6,25%,52:48:00
13,University of PennsylvaniaUnited StatesCoursesEnquireAdmissions Support,"20,443",6.4,20%,52:48:00
14,UCLUnited KingdomCoursesEnquireAdmissions Support,"31,696",10.6,51%,57:43:00
15,"University of California, BerkeleyUnited StatesCoursesEnquireAdmissions Support","36,468",13.2,17%,51:49:00
16,Columbia UniversityUnited StatesCoursesEnquireAdmissions Support,"26,586",6,37%,n/a
17,"University of California, Los AngelesUnited StatesCoursesEnquireAdmissions Support","39,464",9.2,17%,53:47:00
18,Duke UniversityUnited StatesCoursesEnquireAdmissions Support,"15,037",4.4,18%,48:52:00
19,Cornell UniversityUnited StatesCoursesEnquireAdmissions Support,"21,904",9.8,25%,49:51:00
20,University of Michigan-Ann ArborUnited StatesCoursesEnquireAdmissions Support,"41,831",8.3,17%,48:52:00
21,University of TorontoCanadaCoursesEnquireExplore,"72,202",19,19%,n/a
22,Tsinghua UniversityChinaCoursesExplore,"36,912",11.9,11%,34 : 66
23,National University of SingaporeSingaporeCoursesExplore,"30,727",17.4,28%,50:50:00
24,Carnegie Mellon UniversityUnited StatesCoursesEnquireAdmissions Support,"13,033",13.3,47%,40 : 60
25,Northwestern UniversityUnited StatesCoursesEnquireAdmissions Support,"17,600",13,19%,48:52:00
26,London School of Economics and Political ScienceUnited KingdomCoursesEnquireAdmissions Support,"10,028",11.8,70%,52:48:00
27,New York UniversityUnited StatesCoursesEnquireAdmissions Support,"44,433",8.9,32%,56:44:00
28,University of WashingtonUnited StatesCoursesEnquireAdmissions Support,"45,476",11.3,16%,53:47:00
29,University of EdinburghUnited KingdomCoursesEnquireAdmissions Support,"28,153",12.7,41%,60:40:00
30,"University of California, San DiegoUnited StatesCoursesEnquireAdmissions Support","31,687",12.9,20%,46:54:00
31,Peking UniversityChinaCoursesExplore,"42,547",8.9,17%,48:52:00
32,LMU MunichGermanyCoursesExplore,"35,389",36,16%,61:39:00
33,University of MelbourneAustraliaCoursesEnquire,"45,030",26.6,42%,56:44:00
34,Georgia Institute of TechnologyUnited StatesCoursesEnquireAdmissions Support,"21,903",21.5,27%,32 : 68
35,École Polytechnique Fédérale de LausanneSwitzerlandCourses,"10,343",11.4,57%,28 : 72
36,University of Hong KongHong KongCoursesExplore,"18,122",18.1,43%,54:46:00
37,University of British ColumbiaCanadaCoursesEnquire,"53,566",18.6,30%,54:46:00
38,King’s College LondonUnited KingdomCoursesAdmissions Support,"24,293",12.1,42%,62:38:00
39,University of Texas at AustinUnited StatesCoursesEnquireAdmissions Support,"48,561",17.1,10%,51:49:00
40,Karolinska InstituteSwedenCoursesVerify Documents,"7,898",9.2,19%,68:32:00
41,The Hong Kong University of Science and TechnologyHong KongCoursesExplore,"10,394",23.6,31%,n/a
42,Paris Sciences et Lettres – PSL Research University ParisFranceCourses,"20,722",11.3,26%,44:56:00
43,The University of TokyoJapanCourses,"25,828",7.6,11%,n/a
44,University of Wisconsin-MadisonUnited StatesCoursesEnquireAdmissions Support,"39,193",10.5,12%,n/a
45,McGill UniversityCanadaCoursesEnquire,"31,060",13,28%,58:42:00
46,Technical University of MunichGermanyCoursesVerify Documents,"39,726",50.6,24%,34 : 66
47,Heidelberg UniversityGermanyCourses,"20,953",16.6,17%,54:46:00
48,KU LeuvenBelgiumCoursesExplore,"44,719",36.5,15%,49:51:00
49,Australian National UniversityAustraliaCoursesEnquire,"16,840",18.5,39%,52:48:00
50,University of Illinois at Urbana-ChampaignUnited StatesCoursesEnquireAdmissions Support,"43,908",17.9,24%,47:53:00
51,"Nanyang Technological University, SingaporeSingaporeCoursesExplore","25,738",16.7,28%,48:52:00
52,"University of California, Santa BarbaraUnited StatesCoursesEnquireAdmissions Support","23,457",27.9,16%,52:48:00
53,Brown UniversityUnited StatesCoursesEnquireAdmissions Support,"9,082",10.7,21%,n/a
54,Chinese University of Hong KongHong KongCoursesExplore,"17,883",18.4,33%,n/a
55,Washington University in St LouisUnited StatesCoursesExplore,"13,074",7.3,20%,n/a
56,University of North Carolina at Chapel HillUnited StatesCoursesEnquireAdmissions Support,"34,226",9.4,8%,57:43:00
57,University of ManchesterUnited KingdomCoursesEnquireExplore,"36,530",14.5,39%,53:47:00
58,Delft University of TechnologyNetherlandsCoursesVerify Documents,"17,880",20,29%,28 : 72
59,"University of California, DavisUnited StatesCoursesEnquireAdmissions Support","37,847",13.5,13%,57:43:00
60,University of SydneyAustraliaCourses,"43,333",20.5,35%,58:42:00
61,Wageningen University & ResearchNetherlandsCourses,"13,214",20.9,29%,55:45:00
62,University of AmsterdamNetherlandsCoursesExplore,"23,778",12.3,12%,56:44:00
63,Seoul National UniversitySouth KoreaCourses,"26,066",12.3,12%,n/a
64,Purdue University West LafayetteUnited StatesCoursesEnquireAdmissions Support,"39,409",17,23%,42:58:00
65,Kyoto UniversityJapanCourses,"22,420",8.8,8%,24 : 76
66,University of Southern CaliforniaUnited StatesCoursesEnquireAdmissions Support,"35,510",11.6,25%,53:47:00
67,Humboldt University of BerlinGermanyCourses,"33,000",59,17%,n/a
68,Leiden UniversityNetherlandsCoursesExplore,"26,321",18,13%,57:43:00
69,The University of QueenslandAustraliaCoursesExplore,"38,187",34.4,31%,55:45:00
70,Erasmus University RotterdamNetherlandsCoursesExplore,"22,019",19.6,22%,50:50:00
71,University of MinnesotaUnited StatesCoursesEnquire,"60,620",12.3,11%,52:48:00
72,Ohio State University (Main campus)United StatesCoursesEnquire,"53,540",12.8,12%,49:51:00
73,Sorbonne UniversityFranceCourses,"42,681",14.3,19%,59:41:00
74,Boston UniversityUnited StatesCoursesEnquireAdmissions Support,"25,095",8.4,27%,60:40:00
75,Utrecht UniversityNetherlandsCoursesExplore,"31,551",14.3,7%,59:41:00
76,University of FreiburgGermanyCourses,"22,005",44.5,22%,55:45:00
77,McMaster UniversityCanadaCoursesExplore,"24,602",27.3,16%,53:47:00
78,University of BristolUnited KingdomCoursesAdmissions Support,"20,570",13.2,27%,53:47:00
79,University of GroningenNetherlandsCoursesExplore,"26,183",23.8,18%,52:48:00
80,University of WarwickUnited KingdomCoursesEnquireAdmissions Support,"19,649",13.3,41%,50:50:00
81,Penn State (Main campus)United StatesCoursesEnquire,"45,704",15,15%,46:54:00
82,"University of Maryland, College ParkUnited StatesCoursesEnquire","32,099",16.2,10%,47:53:00
83,Sungkyunkwan University (SKKU)South KoreaCoursesExplore,"23,359",19.5,14%,42:58:00
84,Emory UniversityUnited StatesCoursesEnquireAdmissions Support,"12,647",4.2,20%,58:42:00
85,Monash UniversityAustraliaCoursesEnquire,"49,728",34.6,35%,57:43:00
86,Rice UniversityUnited StatesCoursesEnquireAdmissions Support,"6,554",8.9,28%,42:58:00
87,RWTH Aachen UniversityGermanyCourses,"44,517",61.8,19%,32 : 68
88,Uppsala UniversitySwedenCoursesVerify Documents,"25,061",16.9,14%,56:44:00
89,University of TübingenGermanyCoursesVerify Documents,"28,743",39.2,14%,58:42:00
90,Charité - Universitätsmedizin BerlinGermanyCourses,"6,943",17.5,19%,64:36:00
91,University of MontrealCanadaCoursesExplore,"37,311",20.3,23%,59:41:00
92,University of ZurichSwitzerlandCourses,"26,340",14.7,20%,57:43:00
93,University of Science and Technology of ChinaChinaCoursesExplore,"16,152",8.4,4%,n/a
94,University of GlasgowUnited KingdomCoursesExplore,"24,235",15.3,36%,58:42:00
95,Michigan State UniversityUnited StatesCoursesEnquire,"44,951",17,17%,51:49:00
96,"University of California, IrvineUnited StatesCoursesEnquireAdmissions Support","31,089",16.7,24%,53:47:00
97,UNSW SydneyAustraliaCoursesExplore,"41,358",30.5,36%,47:53:00
98,Lund UniversitySwedenCoursesVerify Documents,"28,454",11.8,17%,54:46:00
99,Dartmouth CollegeUnited StatesCoursesEnquireAdmissions Support,"6,172",6.7,15%,48:52:00
100,University of HelsinkiFinlandCourses,"22,418",16.6,6%,65:35:00
101,Zhejiang UniversityChinaCoursesExplore,"36,031",10.9,18%,0.929861111
102,Korea Advanced Institute of Science and Technology (KAIST)South KoreaCourses,"9,587",10.4,9%,0.888888889
103,University of BaselSwitzerlandCourses,"12,852",18,27%,55:45:00
104,Free University of BerlinGermanyCoursesVerify Documents,"35,032",56.4,21%,59:41:00
105,Fudan UniversityChinaCourses,"34,393",12.2,11%,51:49:00
106,University of SheffieldUnited KingdomCoursesEnquire,"25,577",14.9,35%,50:50:00
107,University of Virginia (Main campus)United StatesCoursesEnquireAdmissions Support,"24,295",9.4,12%,53:47:00
108,École PolytechniqueFranceCoursesExplore,"2,908",5.6,36%,0.929861111
109,Georgetown UniversityUnited StatesCoursesEnquireAdmissions Support,"15,801",8.5,17%,54:46:00
110,University of BernSwitzerlandCourses,"10,967",16.7,15%,56:44:00
111,University of BonnGermanyCoursesVerify Documents,"37,708",70.2,13%,55:45:00
112,City University of Hong KongHong KongCoursesExplore,"9,928",11.2,41%,57:43:00
113,University of Pittsburgh-Pittsburgh campusUnited StatesCoursesEnquireAdmissions Support,"26,517",5.9,11%,52:48:00
114,University of Colorado BoulderUnited StatesCoursesEnquire,"31,625",15.5,12%,44:56:00
115,Durham UniversityUnited KingdomCoursesEnquireAdmissions Support,"16,565",14.8,30%,54:46:00
116,University of BirminghamUnited KingdomCoursesEnquire,"28,354",15.1,28%,56:44:00
117,University of CopenhagenDenmarkCourses,"32,157",4.4,16%,55:45:00
118,University of SouthamptonUnited KingdomCoursesEnquire,"24,078",13.9,36%,52:48:00
119,University of YorkUnited KingdomCoursesEnquire,"15,194",14.9,25%,56:44:00
120,Trinity College DublinIrelandCoursesExplore,"16,293",21.6,28%,59:41:00
121,University of OsloNorwayCoursesVerify Documents,"20,552",13.3,17%,62:38:00
122,Vanderbilt UniversityUnited StatesCoursesEnquireAdmissions Support,"12,038",3.1,14%,54:46:00
123,Aarhus UniversityDenmarkCourses,"26,867",14.8,11%,54:46:00
124,Arizona State University (Tempe)United StatesCoursesExplore,"46,362",20.8,20%,43:57:00
125,University of GöttingenGermanyCoursesVerify Documents,"30,399",29.6,12%,50:50:00
126,University of MannheimGermanyCoursesVerify Documents,"10,882",74.8,17%,56:44:00
127,Radboud University NijmegenNetherlandsCoursesExplore,"19,954",17.5,15%,55:45:00
128,Université Catholique de LouvainBelgiumCoursesVerify Documents,"25,952",39.6,21%,54:46:00
129,Maastricht UniversityNetherlandsCoursesExplore,"16,250",15.8,52%,59:41:00
130,Queen Mary University of LondonUnited KingdomCourses,"16,434",14,44%,54:46:00
131,Technical University of BerlinGermanyCourses,"22,472",64.4,22%,34 : 66
132,University of AlbertaCanadaCoursesEnquire,"31,844",21,26%,55:45:00
133,Case Western Reserve UniversityUnited StatesCoursesEnquireAdmissions Support,"10,412",7.8,23%,49:51:00
134,Nanjing UniversityChinaCourses,"34,580",15.6,9%,48:52:00
135,The University of Western AustraliaAustraliaCoursesEnquire,"18,510",21.9,26%,49:51:00
136,University of AdelaideAustraliaCoursesExplore,"21,339",30.4,27%,49:51:00
137,University of GenevaSwitzerlandCourses,"16,530",15.2,39%,61:39:00
138,University of HamburgGermanyCoursesExplore,"29,584",58.2,12%,56:44:00
139,Karlsruhe Institute of TechnologyGermanyCoursesVerify Documents,"26,593",25.8,20%,28 : 72
140,Pompeu Fabra UniversitySpainCoursesVerify Documents,"11,523",21.3,13%,60:40:00
141,University of ExeterUnited KingdomCoursesExplore,"20,286",18,28%,54:46:00
142,Pohang University of Science and Technology (POSTECH)South KoreaCourses,"3,238",10.7,4%,24 : 76
143,Ghent UniversityBelgiumCoursesVerify Documents,"35,835",35.2,10%,54:46:00
144,University of ViennaAustriaCourses,"33,185",19.3,27%,66:34:00
145,Autonomous University of BarcelonaSpainCoursesExplore,"32,223",12.8,16%,59:41:00
146,University of CologneGermanyCoursesVerify Documents,"37,483",37.9,15%,n/a
147,Indiana UniversityUnited StatesCoursesEnquire,"65,707",13.8,16%,52:48:00
148,Lancaster UniversityUnited KingdomCoursesEnquireAdmissions Support,"12,202",12.8,39%,51:49:00
149,University of NottinghamUnited KingdomCoursesEnquire,"29,431",14.6,30%,54:46:00
150,Ulm UniversityGermanyCoursesVerify Documents,"10,719",28,13%,48:52:00
151,TU DresdenGermanyCoursesVerify Documents,"33,560",35.1,14%,42:58:00
152,Tufts UniversityUnited StatesCoursesEnquireAdmissions Support,"10,659",10.1,19%,55:45:00
153,University of LeedsUnited KingdomCoursesEnquire,"28,677",14.1,28%,60:40:00
154,Sant’Anna School of Advanced Studies – PisaItalyCourses,737,11.9,17%,38 : 62
155,Stockholm UniversitySwedenCourses,"31,500",23,8%,n/a
156,University of Cape TownSouth AfricaCoursesExplore,"22,137",12.1,18%,53:47:00
157,University of FloridaUnited StatesCoursesEnquireAdmissions Support,"46,555",17.5,10%,54:46:00
158,University of AberdeenUnited KingdomCoursesEnquire,"12,211",15.1,38%,55:45:00
159,University of ArizonaUnited StatesCoursesEnquire,"39,264",13.3,9%,52:48:00
160,Hong Kong Polytechnic UniversityHong KongCoursesExplore,"21,977",27.8,25%,52:48:00
161,University of WürzburgGermanyCourses,"22,264",30.3,10%,57:43:00
162,Scuola Normale Superiore di PisaItalyCourses,539,6.7,9%,29 : 71
163,University of SussexUnited KingdomCoursesEnquire,"13,891",16.5,39%,55:45:00
164,University of RochesterUnited StatesCoursesEnquireAdmissions Support,"9,681",4.2,29%,49:51:00
165,Technical University of DenmarkDenmarkCoursesVerify Documents,"9,116",6.5,25%,30 : 70
166,University of St AndrewsUnited KingdomCoursesEnquireAdmissions Support,"8,965",12.7,47%,58:42:00
167,Vrije Universiteit AmsterdamNetherlandsCoursesVerify Documents,"23,919",17.8,8%,57:43:00
168,"University of California, Santa CruzUnited StatesCoursesEnquire","17,868",23.1,5%,52:48:00
169,Eindhoven University of TechnologyNetherlandsCoursesExplore,"8,443",19.7,19%,25 : 75
170,University of LeicesterUnited KingdomCoursesEnquire,"14,712",14,36%,53:47:00
171,National Taiwan University (NTU)TaiwanCoursesExplore,"31,783",11.5,8%,40 : 60
172,Newcastle UniversityUnited KingdomCoursesEnquireExplore,"21,500",14.5,29%,50:50:00
173,Texas A&M UniversityUnited StatesCoursesExplore,"58,567",25.8,9%,48:52:00
174,University of Notre DameUnited StatesCoursesEnquireAdmissions Support,"12,035",13.7,12%,45:55:00
175,University of Erlangen-NurembergGermanyCourses,"38,368",54.9,11%,49:51:00
176,University of LausanneSwitzerlandCourses,"11,957",9.6,23%,n/a
177,University of OttawaCanadaCoursesEnquireExplore,"35,002",25.6,18%,59:41:00
178,"Rutgers, the State University of New JerseyUnited StatesCoursesEnquireAdmissions Support","44,127",11.2,16%,52:48:00
179,University of Alabama at BirminghamUnited StatesCoursesExplore,"15,744",15.3,6%,62:38:00
180,University of BolognaItalyCoursesExplore,"66,998",23.9,11%,57:43:00
181,Aalto UniversityFinlandCourses,"12,421",19,23%,35 : 65
182,George Washington UniversityUnited StatesCoursesEnquire,"22,844",13.2,17%,58:42:00
183,University of LiverpoolUnited KingdomCoursesEnquire,"21,591",13.8,35%,55:45:00
184,University of MünsterGermanyCoursesVerify Documents,"42,974",43.9,8%,54:46:00
185,Northeastern UniversityUnited StatesCoursesEnquireAdmissions Support,"19,191",13.8,33%,49:51:00
186,University of TwenteNetherlandsCoursesVerify Documents,"7,149",13.5,30%,37 : 63
187,Cardiff UniversityUnited KingdomCoursesEnquire,"24,245",12.8,26%,58:42:00
188,KTH Royal Institute of TechnologySwedenCoursesVerify Documents,"12,486",15.4,18%,33 : 67
189,University of KonstanzGermanyCourses,"11,288",52.3,12%,55:45:00
190,Shanghai Jiao Tong UniversityChinaCoursesExplore,"40,711",11,9%,41:59:00
191,University of Duisburg-EssenGermanyCoursesExplore,"42,931",54.7,18%,48:52:00
192,University of East AngliaUnited KingdomCoursesExplore,"13,984",13.6,29%,61:39:00
193,Western UniversityCanadaCoursesEnquire,"29,732",22.9,17%,56:44:00
194,Aalborg UniversityDenmarkCoursesExplore,"16,021",13.7,14%,n/a
195,Paris Diderot University – Paris 7FranceCourses,"28,918",15,20%,63:37:00
196,University of Technology SydneyAustraliaCoursesExplore,"25,637",43.4,36%,51:49:00
197,University of BergenNorwayCourses,"13,116",12.3,14%,59:41:00
198,Korea UniversitySouth KoreaCoursesExplore,"22,705",15.6,21%,n/a
199,University of CalgaryCanadaCoursesEnquire,"27,489",15.7,19%,n/a
200,Lomonosov Moscow State UniversityRussian FederationCourses,"29,063",7.2,25%,50:50:00
201,University of AntwerpBelgiumCoursesVerify Documents,"15,096",29.6,16%,54:46:00
202,University of AucklandNew ZealandCoursesExplore,"30,041",18.4,30%,54:46:00
203,University of BarcelonaSpainCoursesExplore,"46,002",11.9,10%,62:38:00
204,University of BathUnited KingdomCoursesEnquireAdmissions Support,"13,199",16.6,33%,46:54:00
205,Bielefeld UniversityGermanyCourses,"24,255",64.3,8%,57:43:00
206,Brandeis UniversityUnited StatesCoursesEnquireAdmissions Support,"5,385",12.5,26%,55:45:00
207,University at BuffaloUnited StatesCoursesEnquire,"25,419",17.1,17%,45:55:00
208,"University of California, RiversideUnited StatesCoursesEnquire","20,864",19.6,14%,52:48:00
209,Chalmers University of TechnologySwedenCoursesVerify Documents,"9,257",12.4,17%,32 : 68
210,Copenhagen Business SchoolDenmarkCoursesVerify Documents,"17,003",30.6,25%,48:52:00
211,University of DundeeUnited KingdomCoursesEnquire,"10,960",15.5,23%,62:38:00
212,École des Ponts ParisTechFranceCoursesVerify Documents,"1,943",13.4,47%,31 : 69
213,École Normale Supérieure de LyonFranceCourses,"2,207",8.2,13%,46:54:00
214,University of FribourgSwitzerlandCourses,"10,850",45.6,18%,59:41:00
215,University of GothenburgSwedenCoursesVerify Documents,"18,873",9.9,12%,n/a
216,University of Hawai’i at MānoaUnited StatesCoursesEnquire,"15,750",11,11%,56:44:00
217,Hebrew University of JerusalemIsraelCourses,"16,492",11.5,5%,56:44:00
218,University of HohenheimGermanyCoursesVerify Documents,"9,373",41.8,15%,57:43:00
219,University of IowaUnited StatesCoursesEnquire,"27,897",12.3,13%,52:48:00
220,James Cook UniversityAustraliaCoursesEnquire,"11,882",22.3,12%,63:37:00
221,University of KielGermanyCoursesVerify Documents,"25,957",22.2,8%,53:47:00
222,King Abdulaziz UniversitySaudi ArabiaCoursesExplore,"33,111",8,21%,55:45:00
223,Université Libre de BruxellesBelgiumCoursesVerify Documents,"26,936",35.9,35%,55:45:00
224,University of LuxembourgLuxembourgCourses,"4,969",16.5,57%,50:50:00
225,Macquarie UniversityAustraliaCoursesExplore,"28,729",43.8,26%,53:47:00
226,University of MassachusettsUnited StatesCoursesEnquire,"59,906",12.8,14%,48:52:00
227,Medical University of GrazAustriaCourses,"3,368",10.7,23%,53:47:00
228,Medical University of ViennaAustriaCourses,"7,086",7.9,29%,51:49:00
229,University of MiamiUnited StatesCoursesEnquireAdmissions Support,"15,923",5.9,16%,51:49:00
230,University of OtagoNew ZealandCourses,"18,283",20.1,20%,58:42:00
231,University of PaduaItalyCourses,"43,289",20.9,4%,55:45:00
232,Paris-Sud UniversityFranceCourses,"29,509",16.3,17%,56:44:00
233,University of PassauGermanyCourses,"10,465",72.2,11%,60:40:00
234,University of PotsdamGermanyCoursesExplore,"19,294",56.8,10%,59:41:00
235,Queen’s University BelfastUnited KingdomCoursesExplore,"17,657",16.9,35%,55:45:00
236,Queensland University of TechnologyAustraliaCoursesExplore,"33,931",35.3,16%,54:46:00
237,RCSI University of Medicine and Health SciencesIrelandCoursesExplore,"2,202",19.1,68%,n/a
238,University of ReadingUnited KingdomCoursesEnquire,"13,394",14.3,33%,57:43:00
239,University of South AustraliaAustraliaCoursesEnquire,"17,465",26.1,44%,64:36:00
240,University of TampereFinlandCourses,"9,484",21.8,5%,66:34:00
241,Tel Aviv UniversityIsraelCourses,"22,878",22.9,5%,54:46:00
242,Tilburg UniversityNetherlandsCoursesExplore,"7,666",21.2,14%,48:52:00
243,Ulsan National Institute of Science and Technology (UNIST)South KoreaCoursesExplore,"4,255",13.5,8%,27 : 73
244,University College DublinIrelandCourses,"22,081",23.5,27%,n/a
245,University of UtahUnited StatesCoursesEnquire,"30,036",14.1,9%,45:55:00
246,Vita-Salute San Raffaele UniversityItalyCourses,"2,745",7.3,5%,59:41:00
247,University of WaterlooCanadaCoursesExplore,"32,395",23.7,18%,46:54:00
248,William & MaryUnited StatesCoursesEnquireAdmissions Support,"8,098",11.8,9%,55:45:00
249,University of the WitwatersrandSouth AfricaCoursesExplore,"28,279",26.1,8%,56:44:00
250,University of WollongongAustraliaCoursesExplore,"18,209",31.2,26%,51:49:00
251,Yonsei University (Seoul campus)South KoreaCoursesExplore,"17,875",14.7,22%,46:54:00
252,Brighton and Sussex Medical SchoolUnited KingdomCoursesEnquire,795,11.3,15%,57:43:00
253,University of CanberraAustraliaCoursesExplore,"10,098",29.2,29%,52:48:00
254,University of Cincinnati – UptownUnited StatesCoursesEnquire,"28,049",20.5,9%,52:48:00
255,Clark UniversityUnited StatesCoursesEnquire,"3,136",11.9,25%,60:40:00
256,Colorado School of MinesUnited StatesCoursesEnquire,"5,556",16.7,12%,28 : 72
257,Dalhousie UniversityCanadaCoursesEnquire,"15,150",14.7,21%,55:45:00
258,University of DelawareUnited StatesCoursesEnquire,"20,348",16.9,10%,57:43:00
259,University of EssexUnited KingdomCoursesEnquire,"11,132",15.7,41%,55:45:00
260,Flinders UniversityAustraliaCoursesExplore,"15,939",24.1,31%,64:36:00
261,Florida State UniversityUnited StatesCoursesEnquire,"38,661",24.5,7%,56:44:00
262,Goethe University FrankfurtGermanyCourses,"45,826",19.9,15%,57:43:00
263,Griffith UniversityAustraliaCoursesExplore,"31,574",22.2,19%,57:43:00
264,University of IcelandIcelandCourses,"8,276",14.1,11%,66:34:00
265,University of Illinois at ChicagoUnited StatesCoursesEnquire,"25,705",11.2,19%,52:48:00
266,Indian Institute of ScienceIndiaCourses,"4,071",9.4,1%,0.929861111
267,Jacobs UniversityGermanyCoursesExplore,"1,114",16.6,69%,44:56:00
268,Johannes Gutenberg University of MainzGermanyCourses,"32,359",28,11%,59:41:00
269,Université LavalCanadaCoursesExplore,"29,588",16.9,13%,57:43:00
270,University of MarburgGermanyCourses,"25,942",35.7,10%,55:45:00
271,Moscow Institute of Physics and Technology (MIPT)Russian FederationCourses,"5,687",10.5,15%,0.847916667
272,University of NavarraSpainCoursesVerify Documents,"10,717",14.7,20%,53:47:00
273,North Carolina State UniversityUnited StatesCoursesEnquire,"30,190",12.8,14%,45:55:00
274,Oregon Health and Science UniversityUnited StatesCoursesEnquire,"2,899",1,3%,65:35:00
275,Osaka UniversityJapanCourses,"23,173",7.8,10%,31 : 69
276,University of OuluFinlandCoursesExplore,"9,764",23.5,7%,50:50:00
277,Queen’s UniversityCanadaCoursesEnquireExplore,"22,884",24.7,12%,58:42:00
278,"Royal Holloway, University of LondonUnited KingdomCoursesEnquire","9,099",14.9,39%,60:40:00
279,Ruhr University BochumGermanyCourses,"42,425",61.2,14%,49:51:00
280,"St George’s, University of LondonUnited KingdomCoursesEnquire","3,240",15.3,19%,62:38:00
281,University of São PauloBrazilCourses,"82,962",15.3,4%,48:52:00
282,Sapienza University of RomeItalyCourses,"68,282",21.8,6%,57:43:00
283,Simon Fraser UniversityCanadaCoursesExplore,"26,313",27.3,30%,55:45:00
284,University of Southern DenmarkDenmarkCourses,"25,975",14.3,16%,53:47:00
285,University of South Florida (Tampa)United StatesCoursesEnquire,"33,413",18.8,13%,n/a
286,Stony Brook UniversityUnited StatesCoursesEnquire,"23,722",10.6,23%,49:51:00
287,University of StuttgartGermanyCoursesVerify Documents,"26,697",47.1,20%,32 : 68
288,University of SurreyUnited KingdomCoursesExplore,"11,987",15.6,40%,53:47:00
289,Swansea UniversityUnited KingdomCoursesEnquire,"14,978",16.5,23%,45:55:00
290,Swedish University of Agricultural SciencesSwedenCoursesVerify Documents,"3,745",4.4,4%,69:31:00
291,Syracuse UniversityUnited StatesCoursesEnquireAdmissions Support,"20,277",16,20%,53:47:00
292,Technical University of DarmstadtGermanyCourses,"18,221",40.7,16%,30 : 70
293,University of Texas at DallasUnited StatesCoursesExplore,"20,787",21.6,25%,43:57:00
294,Tohoku UniversityJapanCourses,"17,687",5.5,11%,26 : 74
295,Tokyo Institute of TechnologyJapanCourses,"9,612",7.5,14%,0.643055556
296,University of TrentoItalyCourses,"12,856",20.2,8%,51:49:00
297,TU WienAustriaCourses,"17,827",34,29%,29 : 71
298,Virginia Polytechnic Institute and State UniversityUnited StatesCoursesExplore,"32,296",18.5,14%,43:57:00
299,Vrije Universiteit BrusselBelgiumCoursesVerify Documents,"11,101",27.8,22%,54:46:00
300,Wake Forest UniversityUnited StatesCoursesEnquireAdmissions Support,"7,588",4,7%,52:48:00
301,Aix-Marseille UniversityFranceCourses,"69,147",17.1,11%,58:42:00
302,University of Alaska FairbanksUnited StatesCoursesEnquire,"3,667",8.4,6%,50:50:00
303,Alfaisal UniversitySaudi ArabiaCoursesExplore,"2,407",10.6,40%,58:42:00
304,American UniversityUnited StatesCoursesEnquire,"10,790",10.8,13%,65:35:00
305,Anglia Ruskin University ARUUnited KingdomCoursesEnquire,"16,498",22.5,28%,61:39:00
306,Auckland University of TechnologyNew ZealandCoursesExplore,"18,160",17.5,44%,59:41:00
307,University of BayreuthGermanyCoursesVerify Documents,"12,784",36.7,8%,45:55:00
308,"Birkbeck, University of LondonUnited KingdomCoursesEnquire","8,242",16.1,40%,53:47:00
309,Boston CollegeUnited StatesCoursesEnquireAdmissions Support,"13,035",15.9,14%,55:45:00
310,University of BremenGermanyCoursesVerify Documents,"19,173",31.4,11%,50:50:00
311,University of CanterburyNew ZealandCoursesEnquireExplore,"12,492",17.2,22%,49:51:00
312,University of Colorado Denver/Anschutz Medical CampusUnited StatesCoursesEnquire,"17,853",5.4,7%,56:44:00
313,University of ConnecticutUnited StatesCoursesEnquire,"30,356",14.6,8%,53:47:00
314,Curtin UniversityAustraliaCoursesExplore,"30,904",18.3,35%,51:49:00
315,Cyprus University of TechnologyCyprusCourses,"3,114",17.7,8%,56:44:00
316,University of DenverUnited StatesCoursesEnquire,"9,421",13.2,10%,57:43:00
317,Federal University of Toulouse Midi-PyrénéesFranceCourses,"101,658",25,18%,52:48:00
318,George Mason UniversityUnited StatesCoursesEnquire,"28,261",17.7,9%,54:46:00
319,Grenoble Alpes UniversityFranceCourses,"40,758",17.5,13%,53:47:00
320,Heriot-Watt UniversityUnited KingdomCoursesEnquire,"9,158",16.7,38%,41:59:00
321,University of HoustonUnited StatesCoursesEnquire,"42,962",43.6,10%,50:50:00
322,HSE UniversityRussian FederationCourses,"19,527",11.3,9%,n/a
323,Khalifa UniversityUnited Arab EmiratesCoursesExplore,"3,288",8.1,28%,51:49:00
324,La Trobe UniversityAustraliaCoursesEnquire,"21,203",34.8,28%,62:38:00
325,University of LiègeBelgiumCoursesVerify Documents,"20,730",26.5,21%,56:44:00
326,University of MalayaMalaysiaCourses,"17,095",8.9,23%,57:43:00
327,University of MilanItalyCourses,"46,843",23,6%,59:41:00
328,Montpellier UniversityFranceCourses,"39,837",19.9,14%,53:47:00
329,Nagoya UniversityJapanCourses,"15,630",9.2,10%,29 : 71
330,University of Naples Federico IIItalyCourses,"49,789",20.5,1%,56:44:00
331,"National University of Ireland, GalwayIrelandCourses","13,888",26.8,18%,57:43:00
332,University of NewcastleAustraliaCoursesEnquire,"22,220",20.9,17%,55:45:00
333,University of New Mexico (Main campus)United StatesCoursesEnquire,"21,506",18.8,5%,55:45:00
334,Oregon State UniversityUnited StatesCoursesEnquire,"24,280",16.2,11%,46:54:00
335,University of PisaItalyCourses,"32,751",22.1,5%,52:48:00
336,Politecnico di MilanoItalyCoursesExplore,"33,663",24.2,15%,34 : 66
337,Reykjavík UniversityIcelandCourses,"3,110",27.2,7%,42:58:00
338,Southern University of Science and Technology (SUSTech)ChinaCoursesExplore,"2,115",6.3,0%,33 : 67
339,Stellenbosch UniversitySouth AfricaCoursesExplore,"23,750",26,8%,55:45:00
340,Sun Yat-sen UniversityChinaCoursesExplore,"51,061",16.2,9%,51:49:00
341,University of TartuEstoniaCourses,"8,518",11.3,6%,68:32:00
342,Technion Israel Institute of TechnologyIsraelCourses,"14,703",21.8,5%,36 : 64
343,The University of Tennessee-KnoxvilleUnited StatesCoursesEnquire,"25,720",16.7,5%,n/a
344,TU Dortmund UniversityGermanyCourses,"33,665",102,10%,45:55:00
345,Tulane UniversityUnited StatesCoursesEnquireAdmissions Support,"11,120",10.5,11%,57:43:00
346,Umeå UniversitySwedenCourses,"16,762",11.9,11%,60:40:00
347,University College CorkIrelandCourses,"16,578",22.2,18%,57:43:00
348,Université de Versailles Saint-Quentin-en-YvelinesFranceCourses,"16,817",24.1,14%,59:41:00
349,Victoria UniversityAustraliaCoursesEnquire,"15,153",31.1,19%,53:47:00
350,University of VictoriaCanadaCoursesEnquire,"19,286",23.4,21%,56:44:00
351,Washington State UniversityUnited StatesCoursesEnquire,"27,689",19.3,8%,52:48:00
352,Wayne State UniversityUnited StatesCoursesEnquire,"22,123",11,9%,55:45:00
353,Wuhan UniversityChinaCoursesExplore,"50,015",14.2,8%,n/a
354,Aberystwyth UniversityUnited KingdomCoursesEnquire,"7,163",15.7,18%,47:53:00
355,Aston UniversityUnited KingdomCoursesEnquire,"9,926",21.6,29%,49:51:00
356,Autonomous University of MadridSpainCourses,"29,532",13.4,14%,59:41:00
357,Babol Noshirvani University of TechnologyIranCourses,"5,353",30.9,0%,33 : 67
358,"University of California, MercedUnited StatesCoursesEnquire","6,680",19.3,8%,51:49:00
359,"City, University of LondonUnited KingdomCoursesEnquire","14,067",18.7,53%,56:44:00
360,University of Côte d’AzurFranceCourses,"35,112",21.8,23%,55:45:00
361,University of CreteGreeceCourses,"14,890",27.8,4%,61:39:00
362,University of CyprusCyprusCoursesExplore,"6,861",22.7,10%,67:33:00
363,Deakin UniversityAustraliaCoursesEnquire,"37,330",30.3,19%,58:42:00
364,Drexel UniversityUnited StatesCoursesEnquire,"19,650",10.5,18%,49:51:00
365,University of Eastern FinlandFinlandCourses,"11,572",18.7,7%,63:37:00
366,Free University of Bozen-BolzanoItalyCourses,"3,445",11.4,11%,67:33:00
367,Hanyang UniversitySouth KoreaCoursesExplore,"20,010",14.8,19%,n/a
368,Hofstra UniversityUnited StatesCoursesExplore,"9,813",13.6,10%,57:43:00
369,Huazhong University of Science and TechnologyChinaCoursesExplore,"56,282",16.6,5%,35 : 65
370,IMT AtlantiqueFranceCourses,"1,664",8,45%,n/a
371,Indian Institute of Technology IndoreIndiaCourses,"1,118",8.6,0%,0.684027778
372,University of InnsbruckAustriaCourses,"14,524",13,39%,54:46:00
373,Iowa State UniversityUnited StatesCoursesEnquire,"31,931",18.3,12%,44:56:00
374,Jordan University of Science and TechnologyJordanCourses,"22,318",12.1,19%,57:43:00
375,Justus Liebig University GiessenGermanyCourses,"28,389",47,9%,61:39:00
376,University of KansasUnited StatesCoursesEnquire,"24,450",9.9,9%,51:49:00
377,University of KentUnited KingdomCoursesExplore,"17,369",13.1,30%,53:47:00
378,Kyung Hee UniversitySouth KoreaCoursesExplore,"22,013",16.9,23%,45:55:00
379,Linköping UniversitySwedenCoursesVerify Documents,"18,221",8.2,11%,55:45:00
380,University of MacauMacaoCoursesExplore,"9,893",15.2,36%,58:42:00
381,Maynooth UniversityIrelandCourses,"8,768",27.6,12%,56:44:00
382,University of Modena and Reggio EmiliaItalyCourses,"16,137",22.2,6%,53:47:00
383,Nankai UniversityChinaCoursesExplore,"28,336",13.7,6%,n/a
384,National Research Nuclear University MEPhIRussian FederationCourses,"6,804",9.7,21%,30 : 70
385,University of Nebraska-LincolnUnited StatesCoursesExplore,"22,728",16.6,12%,48:52:00
386,Norwegian University of Science and TechnologyNorwayCoursesVerify Documents,"34,803",16.2,9%,49:51:00
387,University of PerugiaItalyCourses,"23,401",34.4,5%,56:44:00
388,Rensselaer Polytechnic InstituteUnited StatesCoursesEnquireAdmissions Support,"7,459",15.4,19%,32 : 68
389,Rush UniversityUnited StatesCoursesEnquire,"2,426",1.4,1%,74:26:00
390,Sabancı UniversityTurkeyCoursesExplore,"3,632",22,10%,38 : 62
391,University of SalernoItalyCourses,"23,171",24.3,2%,58:42:00
392,University of SienaItalyCourses,"12,143",13.8,7%,59:41:00
393,University of StirlingUnited KingdomCoursesExplore,"9,183",16,22%,62:38:00
394,University of TasmaniaAustraliaCoursesEnquire,"11,920",15,26%,57:43:00
395,Temple UniversityUnited StatesCoursesEnquire,"34,450",9.1,9%,52:48:00
396,University of TurkuFinlandCourses,"12,604",16.3,6%,62:38:00
397,United Arab Emirates UniversityUnited Arab EmiratesCoursesExplore,"7,494",9.2,24%,81:19:00
398,University of VermontUnited StatesCoursesEnquire,"11,126",8.7,5%,56:44:00
399,Western Sydney UniversityAustraliaCoursesExplore,"32,461",33.2,14%,55:45:00
400,York UniversityCanadaCoursesExplore,"46,220",41.5,24%,57:43:00
401,The University of AlabamaUnited StatesCoursesEnquire,"34,539",22.3,5%,55:45:00
402,University of Alabama in HuntsvilleUnited StatesCoursesEnquire,"5,969",14.1,9%,44:56:00
403,American University of BeirutLebanonCourses,"8,214",8.6,21%,51:49:00
404,Australian Catholic UniversityAustraliaCoursesEnquire,"23,078",42.4,11%,73:27:00
405,Bangor UniversityUnited KingdomCoursesEnquire,"9,277",18.9,24%,56:44:00
406,University of Bari Aldo MoroItalyCourses,"30,273",20.6,1%,61:39:00
407,Bar-Ilan UniversityIsraelCourses,"16,637",17.7,5%,59:41:00
408,University of BordeauxFranceCoursesExplore,"54,484",21.3,13%,58:42:00
409,Brunel University LondonUnited KingdomCoursesEnquire,"10,979",16,38%,47:53:00
410,University of CalabriaItalyCourses,"29,008",33.3,2%,60:40:00
411,University of CampinasBrazilCourses,"27,936",14.5,4%,47:53:00
412,Catholic University of the Sacred HeartItalyCourses,"30,690",22.2,9%,66:34:00
413,Centrale NantesFranceCourses,"1,656",16,43%,25 : 75
414,CentraleSupélecFranceCourses,"4,339",12.1,32%,0.970833333
415,Charles University in PragueCzech RepublicCourses,"49,236",12.9,17%,62:38:00
416,Claude Bernard University Lyon 1FranceCourses,"26,034",12.3,13%,52:48:00
417,"Colorado State University, Fort CollinsUnited StatesCoursesEnquire","25,374",16.5,6%,53:47:00
418,Complutense University of MadridSpainCoursesVerify Documents,"64,466",20.1,14%,61:39:00
419,University of DesarrolloChileCoursesExplore,"15,925",18,2%,55:45:00
420,Diego Portales UniversityChileCourses,"16,802",14.6,2%,49:51:00
421,Dublin City UniversityIrelandCourses,"9,748",27.3,14%,50:50:00
422,University of FerraraItalyCourses,"14,464",24.4,7%,56:44:00
423,University of FlorenceItalyCourses,"35,055",20.5,7%,55:45:00
424,Florida International UniversityUnited StatesCoursesExplore,"33,394",23.9,8%,56:44:00
425,Fujita Health UniversityJapanCoursesExplore,"2,810",3.1,0%,55:45:00
426,University of GenoaItalyCourses,"23,547",18.9,9%,55:45:00
427,University of GeorgiaUnited StatesCoursesEnquire,"34,707",16.6,8%,57:43:00
428,Georgia State UniversityUnited StatesCoursesEnquire,"33,233",16.1,5%,59:41:00
429,Graz University of TechnologyAustriaCourses,"6,403",10.2,19%,1.011805556
430,University of GreifswaldGermanyCourses,"10,414",19.7,6%,56:44:00
431,Gwangju Institute of Science and TechnologySouth KoreaCourses,"1,964",11.6,6%,26 : 74
432,Hamburg University of TechnologyGermanyCourses,"7,452",50.7,18%,26 : 74
433,Harbin Institute of TechnologyChinaCourses,"30,116",9.9,10%,31 : 69
434,Hasselt UniversityBelgiumCourses,"5,256",32.4,12%,47:53:00
435,Hokkaido UniversityJapanCourses,"18,114",7.9,10%,30 : 70
436,Hong Kong Baptist UniversityHong KongCoursesExplore,"10,872",10.5,31%,62:38:00
437,Indian Institute of Technology BombayIndiaCourses,"10,001",17.1,1%,0.806944444
438,Indian Institute of Technology RoorkeeIndiaCourses,"7,925",17.4,2%,0.479166667
439,JSS Academy of Higher Education and ResearchIndiaCourses,"5,421",8.6,8%,55:45:00
440,University of JyväskyläFinlandCourses,"10,338",15.9,5%,60:40:00
441,University of KaiserslauternGermanyCoursesVerify Documents,"14,648",53.9,16%,38 : 62
442,University of KentuckyUnited StatesCoursesEnquire,"27,299",14.5,5%,55:45:00
443,Koç UniversityTurkeyCourses,"5,378",15.7,8%,52:48:00
444,University of KwaZulu-NatalSouth AfricaCoursesExplore,"35,451",28.4,5%,58:42:00
445,Kyushu UniversityJapanCourses,"18,647",8.3,12%,28 : 72
446,Leibniz University HannoverGermanyCourses,"26,318",44.4,12%,40 : 60
447,University of LilleFranceCourses,"66,710",28.2,12%,56:44:00
448,Loughborough UniversityUnited KingdomCoursesEnquire,"14,225",14.7,24%,39 : 61
449,University of ManitobaCanadaCoursesEnquire,"29,260",28.4,16%,54:46:00
450,Marche Polytechnic UniversityItalyCourses,"10,850",20.9,4%,48:52:00
451,Middlesex UniversityUnited KingdomCoursesEnquire,"15,135",18,46%,60:40:00
452,University of Milan-BicoccaItalyCourses,"26,508",30.4,6%,62:38:00
453,University of MontanaUnited StatesCoursesEnquire,"8,957",16.1,3%,56:44:00
454,Murdoch UniversityAustraliaCoursesExplore,"15,723",30.9,43%,59:41:00
455,National Taiwan University of Science and Technology (Taiwan Tech)TaiwanCoursesExplore,"8,087",18.9,13%,30 : 70
456,National Tsing Hua UniversityTaiwanCourses,"16,037",15.6,8%,41:59:00
457,University of Nebraska Medical CenterUnited StatesCoursesEnquire,"2,806",2.3,8%,67:33:00
458,New Mexico Institute of Mining and TechnologyUnited StatesCoursesEnquire,"1,791",6.3,9%,28 : 72
459,Northern Arizona UniversityUnited StatesCoursesEnquire,"27,449",26.6,5%,59:41:00
460,Northumbria UniversityUnited KingdomCoursesEnquire,"22,084",17.9,16%,54:46:00
461,University of OklahomaUnited StatesCoursesEnquire,"27,352",10.3,7%,52:48:00
462,Örebro UniversitySwedenCourses,"9,437",19.4,2%,61:39:00
463,University of PaviaItalyCourses,"24,032",39.2,7%,56:44:00
464,University of PlymouthUnited KingdomCoursesEnquire,"17,901",17.5,15%,54:46:00
465,Polytechnic University of BariItalyCourses,"6,107",23.6,1%,32 : 68
466,Polytechnic University of TurinItalyCourses,"31,008",30.4,14%,29 : 71
467,University of PortoPortugalCourses,"31,855",18.9,12%,55:45:00
468,University of PortsmouthUnited KingdomCoursesEnquire,"19,305",15.5,26%,45:55:00
469,Qatar UniversityQatarCourses,"14,395",17.5,43%,75:25:00
470,RMIT UniversityAustraliaCoursesEnquire,"32,151",20.2,27%,47:53:00
471,University of Rome II – Tor VergataItalyCourses,"34,899",19.2,7%,52:48:00
472,University of Rome IIIItalyCourses,"32,615",52.7,4%,58:42:00
473,Rovira i Virgili UniversitySpainCourses,"12,709",12.7,10%,59:41:00
474,Royal Veterinary CollegeUnited KingdomCoursesEnquire,"1,966",10.3,17%,77:23:00
475,University of St GallenSwitzerlandCourses,"7,495",11.7,35%,35 : 65
476,University of SaskatchewanCanadaCoursesEnquireExplore,"16,884",16.7,19%,56:44:00
477,Sciences PoFranceCourses,"11,584",44,34%,59:41:00
478,Semmelweis UniversityHungaryCoursesExplore,"10,809",9.6,32%,67:33:00
479,University of SiegenGermanyCourses,"19,586",43.3,11%,49:51:00
480,SOAS University of LondonUnited KingdomCoursesExplore,"4,965",11.7,54%,65:35:00
481,University of South Carolina-ColumbiaUnited StatesCoursesEnquire,"31,547",16.2,6%,55:45:00
482,SUNY University at AlbanyUnited StatesCoursesEnquire,"15,954",16.2,10%,52:48:00
483,University of StrasbourgFranceCourses,"45,482",18.5,20%,58:42:00
484,University of StrathclydeUnited KingdomCoursesEnquire,"17,727",19.4,27%,50:50:00
485,Swinburne University of TechnologyAustraliaCoursesEnquire,"12,862",25.3,26%,38 : 62
486,Tampere University of TechnologyFinlandCourses,"5,439",21.4,10%,1.011805556
487,Teikyo UniversityJapanCourses,"23,711",18.1,2%,34 : 66
488,Tokyo Medical and Dental University (TMDU)JapanCourses,"2,986",3.2,8%,50:50:00
489,Tokyo Metropolitan UniversityJapanCourses,"9,185",13.4,4%,36 : 64
490,Tongji UniversityChinaCourses,"36,511",13.5,10%,40 : 60
491,University of TriesteItalyCourses,"16,084",22.9,9%,56:44:00
492,University of TsukubaJapanCourses,"16,717",13.3,20%,39 : 61
493,The University of TulsaUnited StatesCoursesEnquire,"4,563",11.9,23%,43:57:00
494,University of TurinItalyCourses,"52,495",27.9,8%,61:39:00
495,UiT The Arctic University of NorwayNorwayCourses,"16,266",13.4,10%,58:42:00
496,University of Urbino Carlo BoItalyCourses,"14,386",40.3,6%,61:39:00
497,University of ValenciaSpainCourses,"50,927",16.7,11%,62:38:00
498,Verona UniversityItalyCourses,"19,030",26.1,5%,65:35:00
499,Victoria University of WellingtonNew ZealandCoursesEnquire,"17,391",19.1,21%,56:44:00
500,University of WaikatoNew ZealandCoursesEnquire,"9,805",17.1,18%,58:42:00
501,University of the West of ScotlandUnited KingdomCoursesEnquire,"11,161",20.7,18%,58:42:00
502,University of Wisconsin-MilwaukeeUnited StatesCoursesEnquire,"21,251",19.1,6%,53:47:00
503,Amirkabir University of TechnologyIranCourses,"11,918",21.7,2%,35 : 65
504,University of AveiroPortugalCourses,"9,842",16.5,11%,51:49:00
505,University of the Balearic IslandsSpainCourses,"11,507",12.7,6%,59:41:00
506,Beihang UniversityChinaCourses,"29,520",14.4,6%,n/a
507,University of BergamoItalyCourses,"17,349",56.7,6%,62:38:00
508,Bilkent UniversityTurkeyCourses,"10,659",15,7%,46:54:00
509,SUNY Binghamton UniversityUnited StatesCoursesEnquire,"17,582",23,15%,48:52:00
510,Boğaziçi UniversityTurkeyCourses,"12,374",25.4,7%,49:51:00
511,Bond UniversityAustraliaCoursesEnquire,"3,273",10.7,41%,53:47:00
512,Université Bourgogne Franche-Comté (UBFC)FranceCourses,"58,837",33.6,11%,54:46:00
513,Bournemouth UniversityUnited KingdomCoursesEnquire,"12,777",16.5,19%,57:43:00
514,University of BresciaItalyCourses,"14,296",26.2,7%,46:54:00
515,Carleton UniversityCanadaCoursesEnquire,"26,856",30.3,20%,48:52:00
516,University of CataniaItalyCourses,"26,267",20.6,1%,57:43:00
517,Central Queensland UniversityAustraliaCoursesExplore,"13,770",26.4,28%,56:44:00
518,Charles Darwin UniversityAustraliaCoursesEnquire,"6,537",25.7,34%,64:36:00
519,Chemnitz University of TechnologyGermanyCourses,"10,831",47.3,22%,42:58:00
520,"China Medical University, TaiwanTaiwanCoursesExplore","7,730",17,10%,54:46:00
521,Chung-Ang UniversitySouth KoreaCourses,"13,815",18.9,18%,n/a
522,University of CoimbraPortugalCourses,"21,236",17.4,17%,56:44:00
523,Creighton UniversityUnited StatesCoursesEnquire,"8,281",11.5,10%,62:38:00
524,East China Normal UniversityChinaCoursesExplore,"25,237",11.5,17%,66:34:00
525,Edith Cowan UniversityAustraliaCoursesExplore,"17,100",36,26%,60:40:00
526,University of GrazAustriaCourses,"20,586",22.2,14%,64:36:00
527,University of GuelphCanadaCoursesEnquire,"21,644",27.8,5%,59:41:00
528,Hacettepe UniversityTurkeyCourses,"42,827",19.9,4%,57:43:00
529,University of HullUnited KingdomCoursesEnquire,"13,433",16.9,18%,53:47:00
530,Hunan UniversityChinaCourses,"42,692",22.5,2%,45:55:00
531,University of IdahoUnited StatesCoursesEnquire,"9,675",17.2,8%,48:52:00
532,Indian Institute of Technology DelhiIndiaCourses,"8,130",14.9,1%,0.725
533,Indian Institute of Technology KanpurIndiaCourses,"6,609",15.2,1%,0.643055556
534,Indian Institute of Technology KharagpurIndiaCourses,"9,397",13.9,0%,0.643055556
535,ITMO UniversityRussian FederationCourses,"10,268",9.3,15%,38 : 62
536,Johannes Kepler University of LinzAustriaCourses,"6,345",11.1,11%,52:48:00
537,University of KashanIranCourses,"7,844",25.7,4%,55:45:00
538,Keele UniversityUnited KingdomCoursesEnquire,"8,505",14.7,21%,57:43:00
539,Kent State UniversityUnited StatesCoursesEnquire,"24,469",19.3,10%,59:41:00
540,King Saud UniversitySaudi ArabiaCourses,"38,917",11,10%,51:49:00
541,King Saud bin Abdulaziz University for Health SciencesSaudi ArabiaCourses,"8,122",4.4,1%,47:53:00
542,University of La LagunaSpainCourses,"18,736",13.1,4%,58:42:00
543,Lappeenranta-Lahti University of Technology LUTFinlandCoursesExplore,"3,670",24.6,20%,31 : 69
544,Lehigh UniversityUnited StatesCoursesEnquireAdmissions Support,"6,443",11.2,17%,44:56:00
545,University of LimerickIrelandCourses,"13,969",21.4,17%,48:52:00
546,Lincoln UniversityNew ZealandCoursesEnquire,"2,426",13.2,38%,49:51:00
547,University of LisbonPortugalCourses,"50,170",18.7,11%,50:50:00
548,Liverpool John Moores UniversityUnited KingdomCoursesEnquire,"18,752",17.5,13%,54:46:00
549,Louisiana State UniversityUnited StatesCoursesEnquire,"29,533",20.5,6%,52:48:00
550,Makerere UniversityUgandaCourses,"38,596",29.2,8%,52:48:00
551,"University of Maryland, Baltimore CountyUnited StatesCoursesEnquire","11,647",18.6,8%,45:55:00
552,Massey UniversityNew ZealandCoursesEnquire,"18,944",15.7,30%,62:38:00
553,Memorial University of NewfoundlandCanadaCoursesExplore,"15,154",13.8,16%,57:43:00
554,Missouri University of Science and TechnologyUnited StatesCoursesEnquire,"8,135",22.7,15%,1.011805556
555,Montana State UniversityUnited StatesCoursesEnquire,"14,192",18.8,4%,46:54:00
556,Nanjing University of Information Science and TechnologyChinaCourses,"19,265",14.6,3%,n/a
557,National and Kapodistrian University of AthensGreeceCourses,"54,364",27.5,11%,62:38:00
558,National Cheng Kung University (NCKU)TaiwanCoursesExplore,"20,511",13.7,12%,36 : 64
559,National Chiao Tung UniversityTaiwanCourses,"12,053",16.8,12%,28 : 72
560,National Yang-Ming UniversityTaiwanCourses,"4,255",5.1,2%,48:52:00
561,University of NeuchâtelSwitzerlandCourses,"4,352",9,22%,59:41:00
562,New Jersey Institute of TechnologyUnited StatesCoursesEnquire,"12,044",19.8,19%,24 : 76
563,Norwegian University of Life SciencesNorwayCourses,"5,700",6.9,23%,60:40:00
564,NOVA University of LisbonPortugalCourses,"19,885",18.6,17%,50:50:00
565,Novosibirsk State UniversityRussian FederationCourses,"7,250",6.4,19%,57:43:00
566,Oklahoma State UniversityUnited StatesCoursesEnquire,"21,638",15.6,7%,49:51:00
567,The Open UniversityUnited KingdomCoursesEnquire,"64,638",34,8%,61:39:00
568,Oxford Brookes UniversityUnited KingdomCoursesEnquire,"14,006",16.7,28%,59:41:00
569,University of PalermoItalyCourses,"28,801",19.5,1%,58:42:00
570,Panthéon-Sorbonne University – Paris 1FranceCourses,"40,917",33.7,20%,60:40:00
571,University of ParmaItalyCourses,"24,346",26.3,6%,56:44:00
572,Universidad Peruana Cayetano HerediaPeruCourses,"5,885",12.1,0%,60:40:00
573,University of the PhilippinesPhilippinesCourses,"45,410",9.7,1%,53:47:00
574,Universitat Politècnica de CatalunyaSpainCourses,"21,591",9.1,14%,28 : 72
575,Pontifical Javeriana UniversityColombiaCourses,"29,643",16.4,1%,56:44:00
576,Renmin University of ChinaChinaCourses,"25,168",11.8,6%,n/a
577,Saint Louis UniversityUnited StatesCoursesEnquire,"11,220",7.3,7%,59:41:00
578,Saint Petersburg State UniversityRussian FederationCourses,"21,644",7.3,11%,64:36:00
579,University of SalentoItalyCourses,"11,927",28.4,1%,63:37:00
580,San Diego State UniversityUnited StatesCoursesEnquire,"29,974",30.3,8%,55:45:00
581,Savitribai Phule Pune UniversityIndiaCourses,"6,186",15.3,2%,46:54:00
582,Sejong UniversitySouth KoreaCourses,"11,886",16.4,9%,47:53:00
583,Shandong UniversityChinaCourses,"46,351",13.7,6%,n/a
584,Soochow UniversityChinaCoursesExplore,"42,684",15.2,7%,58:42:00
585,South China University of TechnologyChinaCourses,"42,472",14.5,5%,36 : 64
586,Southeast UniversityChinaCourses,"33,063",11.8,5%,40 : 60
587,Southern Cross UniversityAustraliaCoursesEnquire,"8,678",24.5,21%,64:36:00
588,Stevens Institute of TechnologyUnited StatesCoursesEnquire,"5,636",16.2,35%,29 : 71
589,Taipei Medical UniversityTaiwanCoursesExplore,"5,895",10.5,9%,57:43:00
590,The University of Texas at San AntonioUnited StatesCoursesEnquire,"26,089",25.1,5%,50:50:00
591,Tianjin UniversityChinaCourses,"33,429",12.9,5%,n/a
592,University of ToledoUnited StatesCoursesEnquire,"18,238",15.2,11%,50:50:00
593,Tomsk Polytechnic UniversityRussian FederationCourses,"9,682",8.7,26%,33 : 67
594,Tomsk State UniversityRussian FederationCourses,"7,673",9.6,29%,n/a
595,Universiti Tunku Abdul Rahman (UTAR)MalaysiaCoursesExplore,"19,179",17.2,2%,52:48:00
596,University of UdineItalyCourses,"11,472",17.1,6%,53:47:00
597,University of UlsanSouth KoreaCourses,"13,523",12.3,4%,46:54:00
598,The University of the West IndiesJamaicaCoursesExplore,"43,295",12.5,4%,68:32:00
599,Worcester Polytechnic InstituteUnited StatesCoursesEnquire,"5,517",12.6,22%,33 : 67
600,Xiamen UniversityChinaCourses,"40,507",14.9,5%,49:51:00
601,Xi’an Jiaotong UniversityChinaCourses,"33,973",10.8,5%,34 : 66
602,University of the AegeanGreeceCourses,"12,352",38.7,1%,57:43:00
603,The University of AizuJapanCoursesExplore,"1,165",10.5,5%,0.520138889
604,University of AlcaláSpainCourses,"17,711",12.8,22%,55:45:00
605,University of AlgarvePortugalCourses,"7,501",12.4,13%,57:43:00
606,American University in CairoEgyptCourses,"5,997",13.7,4%,54:46:00
607,Amrita Vishwa VidyapeethamIndiaCourses,"14,395",11.9,13%,n/a
608,"University of the Andes, ColombiaColombiaCourses","15,921",8.7,2%,45:55:00
609,Aristotle University of ThessalonikiGreeceCourses,"46,597",26.3,5%,58:42:00
610,University of ArkansasUnited StatesCoursesEnquire,"24,545",20.3,6%,52:48:00
611,Athens University of Economics and BusinessGreeceCourses,"9,839",46.9,4%,47:53:00
612,Auburn UniversityUnited StatesCoursesEnquire,"24,274",18.2,6%,50:50:00
613,Banaras Hindu UniversityIndiaCourses,"12,220",9.3,3%,27 : 73
614,University of the Basque CountrySpainCourses,"42,581",14.6,4%,53:47:00
615,Baylor UniversityUnited StatesCoursesEnquire,"16,932",16.6,5%,57:43:00
616,Beijing Institute of TechnologyChinaCourses,"28,910",11.8,8%,35 : 65
617,University of Beira InteriorPortugalCourses,"6,909",15.6,10%,52:48:00
618,Ben-Gurion University of the NegevIsraelCourses,"15,133",18.9,3%,53:47:00
619,Benha UniversityEgyptCourses,"89,763",29,5%,42:58:00
620,Beni-Suef UniversityEgyptCourses,"66,543",26.1,1%,44:56:00
621,University of BradfordUnited KingdomCoursesEnquire,"9,239",16.9,28%,56:44:00
622,University of BrightonUnited KingdomCoursesEnquire,"16,906",17.5,22%,58:42:00
623,Ca’ Foscari University of VeniceItalyCourses,"16,090",34.3,9%,65:35:00
624,University of CagliariItalyCourses,"27,885",24,2%,59:41:00
625,Carlos III University of MadridSpainCoursesExplore,"16,917",11,15%,43:57:00
626,Catholic University of PortugalPortugalCourses,"10,904",10.7,16%,60:40:00
627,University of Central FloridaUnited StatesCoursesEnquire,"54,697",36.2,3%,56:44:00
628,Central South UniversityChinaCoursesExplore,"53,069",17.3,2%,41:59:00
629,Chang Gung UniversityTaiwanCourses,"7,527",12.3,4%,44:56:00
630,Chiba UniversityJapanCourses,"13,898",10,5%,37 : 63
631,University of ChileChileCourses,"39,345",17.1,6%,47:53:00
632,China Agricultural UniversityChinaCourses,"19,056",11.5,1%,58:42:00
633,"China University of Geosciences, BeijingChinaCourses","18,114",17.4,1%,32 : 68
634,University of Clermont AuvergneFranceCourses,"34,572",18.3,13%,57:43:00
635,COMSATS University IslamabadPakistanCourses,"31,413",10.9,1%,25 : 75
636,Concordia UniversityCanadaCoursesEnquire,"32,065",30.6,28%,50:50:00
637,University of Costa RicaCosta RicaCourses,"32,276",14.3,2%,50:50:00
638,Covenant UniversityNigeriaCoursesExplore,"9,369",18.1,0%,37 : 63
639,Coventry UniversityUnited KingdomCoursesExplore,"25,118",14.4,45%,48:52:00
640,Dalian University of TechnologyChinaCourses,"39,075",16.2,2%,35 : 65
641,University of DaytonUnited StatesCoursesEnquire,"10,116",13.9,13%,52:48:00
642,University of DelhiIndiaCourses,"22,854",23.8,1%,47:53:00
643,De Montfort UniversityUnited KingdomCoursesEnquire,"17,131",19.2,25%,57:43:00
644,University of DeustoSpainCoursesVerify Documents,"8,665",21.3,11%,59:41:00
645,East China University of Science and TechnologyChinaCourses,"21,602",11.9,1%,40 : 60
646,Eastern Mediterranean UniversityNorthern CyprusCoursesExplore,"19,694",30.6,84%,37 : 63
647,École Centrale de LyonFranceCourses,"1,938",15.6,29%,26 : 74
648,École normale supérieure Paris-SaclayFranceCourses,"1,830",11.7,15%,30 : 70
649,Edinburgh Napier UniversityUnited KingdomCourses,"11,156",20,32%,56:44:00
650,Embry-Riddle Aeronautical UniversityUnited StatesCoursesEnquire,"16,010",17.3,10%,0.765972222
651,Eötvös Loránd UniversityHungaryCoursesExplore,"27,267",19.4,10%,65:35:00
652,Ewha Womans UniversitySouth KoreaCourses,"14,893",14.3,14%,100:00:00
653,Federal University of Minas GeraisBrazilCourses,"44,108",13.3,2%,53:47:00
654,Federal University of Rio de JaneiroBrazilCourses,"55,109",14,2%,54:46:00
655,Universidade Federal do Rio Grande do SulBrazilCourses,"47,931",17.1,2%,50:50:00
656,Universidade Federal de São Paulo (UNIFESP)BrazilCourses,"13,520",8.6,1%,60:40:00
657,Federico Santa María Technical UniversityChileCoursesExplore,"19,273",27.9,3%,24 : 76
658,Fordham UniversityUnited StatesCoursesEnquire,"12,646",12.5,15%,59:41:00
659,Fuzhou UniversityChinaCourses,"34,664",16.6,1%,42:58:00
660,Glasgow Caledonian UniversityUnited KingdomCoursesEnquire,"12,986",20.1,18%,59:41:00
661,University of GranadaSpainCoursesVerify Documents,"52,989",14.9,10%,57:43:00
662,University of GreenwichUnited KingdomCoursesEnquire,"14,579",17.9,35%,57:43:00
663,University of HaifaIsraelCourses,"17,848",30.6,2%,66:34:00
664,University of HertfordshireUnited KingdomCoursesEnquire,"17,555",17.6,28%,54:46:00
665,Hiroshima UniversityJapanCourses,"14,875",8.6,7%,37 : 63
666,Huazhong Agricultural UniversityChinaCourses,"26,178",17.9,2%,53:47:00
667,University of HuddersfieldUnited KingdomCoursesEnquire,"15,055",21.5,26%,55:45:00
668,University of IbadanNigeriaCourses,"25,416",15.6,1%,46:54:00
669,Ilmenau University of TechnologyGermanyCourses,"6,253",8,20%,27 : 73
670,"Indian Institute of Science Education and Research, PuneIndiaCourses","1,130",8.5,0%,33 : 67
671,Indian Institute of Technology BhubaneswarIndiaCourses,"1,016",9.4,0%,0.684027778
672,Indian Institute of Technology GuwahatiIndiaCourses,"5,592",13.2,1%,0.765972222
673,Indian Institute of Technology HyderabadIndiaCourses,"1,969",11.7,0%,0.888888889
674,Indian Institute of Technology MadrasIndiaCourses,"9,013",15.8,1%,0.888888889
675,University of IndonesiaIndonesiaCourses,"41,144",10.1,8%,60:40:00
676,University of IoanninaGreeceCourses,"22,492",44.3,3%,56:44:00
677,Iran University of Science and TechnologyIranCourses,"14,208",33.5,0%,31 : 69
678,ISCTE-University Institute of LisbonPortugalCourses,"8,866",25.2,13%,49:51:00
679,Isfahan University of TechnologyIranCourses,"9,816",20.7,1%,43:57:00
680,Istanbul Technical UniversityTurkeyCourses,"34,594",22.8,4%,34 : 66
681,Jadavpur UniversityIndiaCourses,"11,515",17.5,1%,32 : 68
682,Jagiellonian UniversityPolandCourses,"42,131",11.5,7%,67:33:00
683,Jaume I UniversitySpainCourses,"12,581",16.5,9%,58:42:00
684,University of JohannesburgSouth AfricaCoursesExplore,"25,515",24,9%,55:45:00
685,Juntendo UniversityJapanCourses,"4,407",3.8,2%,52:48:00
686,Kafrelsheikh UniversityEgyptCourses,"66,990",40.7,1%,51:49:00
687,Kansas State UniversityUnited StatesCoursesEnquire,"21,970",14.6,9%,50:50:00
688,Kazan Federal UniversityRussian FederationCourses,"26,021",10.8,11%,68:32:00
689,Universiti Kebangsaan MalaysiaMalaysiaCourses,"18,904",11.1,14%,60:40:00
690,Keio UniversityJapanCourses,"34,740",10.6,7%,35 : 65
691,Kindai UniversityJapanCourses,"32,322",13.5,2%,30 : 70
692,King Fahd University of Petroleum and MineralsSaudi ArabiaCourses,"6,427",6.3,18%,0.069444444
693,Kingston UniversityUnited KingdomCoursesEnquire,"16,545",20.3,36%,56:44:00
694,Kobe UniversityJapanCourses,"15,786",7.7,7%,35 : 65
695,Konkuk UniversitySouth KoreaCourses,"14,173",26.7,14%,59:41:00
696,University of Las Palmas de Gran CanariaSpainCourses,"18,532",16.4,7%,56:44:00
697,Lebanese American UniversityLebanonCourses,"7,734",13.6,19%,51:49:00
698,University of LeobenAustriaCourses,"3,103",6.1,16%,1.011805556
699,University of LincolnUnited KingdomCourses,"11,477",15.8,14%,55:45:00
700,University of LjubljanaSloveniaCourses,"40,834",15.2,5%,60:40:00
701,University of LorraineFranceCourses,"57,103",19,15%,52:48:00
702,Louisiana Tech UniversityUnited StatesCoursesEnquire,"11,138",27.4,4%,45:55:00
703,Mahidol UniversityThailandCoursesExplore,"28,611",10.2,4%,64:36:00
704,Manchester Metropolitan UniversityUnited KingdomCoursesEnquire,"27,732",15.4,16%,58:42:00
705,Mansoura UniversityEgyptCourses,"136,359",25,3%,54:46:00
706,Marquette UniversityUnited StatesCoursesEnquire,"10,494",12.3,5%,53:47:00
707,Masaryk UniversityCzech RepublicCourses,"33,243",21.5,21%,62:38:00
708,Mashhad University of Medical SciencesIranCourses,"9,015",10.6,2%,61:39:00
709,Middle East Technical UniversityTurkeyCourses,"27,294",32.2,6%,44:56:00
710,Miguel Hernández University of ElcheSpainCourses,"13,667",20.8,4%,50:50:00
711,University of MinhoPortugalCourses,"18,299",18.4,10%,54:46:00
712,Mississippi State UniversityUnited StatesCoursesEnquire,"23,609",18.6,3%,51:49:00
713,Monterrey Institute of TechnologyMexicoCoursesExplore,"14,215",16.1,11%,41:59:00
714,Nanjing Agricultural UniversityChinaCourses,"26,198",15.9,2%,55:45:00
715,Nanjing Medical UniversityChinaCourses,"13,707",9.1,5%,n/a
716,Nanjing Normal UniversityChinaCourses,"26,894",13.2,3%,70:30:00
717,Nanjing Tech UniversityChinaCourses,"31,846",14.2,1%,n/a
718,University of NantesFranceCourses,"36,520",24.5,10%,56:44:00
719,National Autonomous University of MexicoMexicoCourses,"162,018",13.6,6%,51:49:00
720,National Institute of Applied Sciences of Lyon (INSA Lyon)FranceCourses,"6,125",8.8,29%,32 : 68
721,National Institute of Technology RourkelaIndiaCourses,"6,010",20,4%,0.847916667
722,National University of Science and Technology (MISiS)Russian FederationCourses,"7,334",10.4,24%,38 : 62
723,National Sun Yat-Sen UniversityTaiwanCourses,"9,522",14.9,5%,39 : 61
724,National Taiwan Normal UniversityTaiwanCoursesExplore,"10,621",12.6,26%,56:44:00
725,"University of Nevada, Las VegasUnited StatesCoursesEnquire","25,120",26.1,5%,56:44:00
726,New Mexico State University (Main campus)United StatesCoursesEnquire,"13,329",17.3,8%,53:47:00
727,Nippon Medical SchoolJapanCourses,837,6.3,1%,33 : 67
728,University of North Carolina at GreensboroUnited StatesCoursesEnquire,"18,593",24.9,3%,66:34:00
729,Northeast Normal UniversityChinaCourses,"25,325",16.2,2%,72:28:00
730,Northwestern Polytechnical UniversityChinaCoursesExplore,"27,423",13.6,3%,26 : 74
731,Nottingham Trent UniversityUnited KingdomCoursesEnquire,"23,462",15.9,19%,57:43:00
732,Old Dominion UniversityUnited StatesCoursesEnquire,"19,064",19.3,3%,54:46:00
733,Open University of CataloniaSpainCourses,"20,133",54.6,3%,55:45:00
734,Otto von Guericke University of MagdeburgGermanyCourses,"14,427",12.1,16%,43:57:00
735,University of OviedoSpainCourses,"18,689",10.8,3%,52:48:00
736,Palacký University OlomoucCzech RepublicCourses,"17,968",11.5,12%,69:31:00
737,Panjab UniversityIndiaCourses,"18,360",21.5,1%,47:53:00
738,University of PécsHungaryCoursesExplore,"17,456",13.3,18%,58:42:00
739,Peter the Great St Petersburg Polytechnic UniversityRussian FederationCoursesExplore,"18,420",8.8,24%,40 : 60
740,Polytechnic Institute of PortoPortugalCourses,"18,215",17,6%,46:54:00
741,Polytechnic University of ValenciaSpainCourses,"21,945",9.4,13%,38 : 62
742,Pontifical Catholic University of ChileChileCourses,"27,485",15.2,7%,n/a
743,Pontifical Catholic University of Rio de Janeiro (PUC-Rio)BrazilCourses,"15,415",18.7,6%,52:48:00
744,Portland State UniversityUnited StatesCoursesEnquire,"20,666",18.4,9%,54:46:00
745,University of PretoriaSouth AfricaCoursesExplore,"35,687",23.2,8%,56:44:00
746,Pusan National UniversitySouth KoreaCoursesExplore,"24,409",18.4,11%,47:53:00
747,Université du QuébecCanadaCoursesEnquire,"54,198",20.2,10%,57:43:00
748,University of ReginaCanadaCoursesExplore,"12,585",22.5,15%,60:40:00
749,University of Rennes 1FranceCourses,"27,685",17.4,11%,53:47:00
750,Rikkyo UniversityJapanCourses,"20,542",24.7,3%,52:48:00
751,Rochester Institute of TechnologyUnited StatesCoursesEnquire,"14,200",16.2,18%,34 : 66
752,Roskilde UniversityDenmarkCourses,"6,109",16.1,10%,63:37:00
753,RUDN UniversityRussian FederationCourses,"19,350",10.8,25%,58:42:00
754,Universiti Sains MalaysiaMalaysiaCourses,"21,394",11.2,13%,65:35:00
755,University of SalamancaSpainCourses,"29,243",17.7,15%,58:42:00
756,University of SalfordUnited KingdomCoursesEnquire,"15,947",18.8,25%,51:49:00
757,University of San DiegoUnited StatesCoursesEnquire,"7,671",13,8%,56:44:00
758,University of Santiago de CompostelaSpainCourses,"26,118",15.2,8%,62:38:00
759,University of SassariItalyCourses,"12,227",21.2,1%,61:39:00
760,University of SevilleSpainCourses,"55,395",19.4,7%,54:46:00
761,Sharif University of TechnologyIranCourses,"9,435",19,0%,26 : 74
762,Shenzhen UniversityChinaCoursesExplore,"34,095",17.2,1%,47:53:00
763,Université de SherbrookeCanadaCoursesEnquire,"15,148",12.7,8%,55:45:00
764,Shiraz University of TechnologyIranCourses,"1,512",14.5,0%,36 : 64
765,Sichuan UniversityChinaCourses,"59,998",13.8,3%,50:50:00
766,Sogang UniversitySouth KoreaCourses,"9,636",22.2,8%,43:57:00
767,University of South AlabamaUnited StatesCoursesEnquire,"14,391",15,6%,61:39:00
768,University of South DakotaUnited StatesCoursesEnquire,"15,570",35.3,3%,61:39:00
769,University of Southern QueenslandAustraliaCourses,"11,815",26.4,16%,58:42:00
770,University of SplitCroatiaCourses,"20,093",28.3,2%,n/a
771,Suez Canal UniversityEgyptCourses,"39,113",12.5,1%,62:38:00
772,University of the Sunshine CoastAustraliaCoursesExplore,"8,915",29.2,16%,64:36:00
773,University of SzegedHungaryCourses,"20,388",13.1,14%,57:43:00
774,University of TabrizIranCourses,"23,480",29.9,0%,50:50:00
775,Tallinn University of TechnologyEstoniaCourses,"10,431",20.8,15%,43:57:00
776,Technical University of MadridSpainCourses,"39,269",13.2,13%,32 : 68
777,University of Technology of CompiègneFranceCourses,"4,254",15.9,24%,37 : 63
778,University of TehranIranCourses,"55,645",25.7,2%,43:57:00
779,Tehran University of Medical SciencesIranCourses,"12,230",7.2,6%,58:42:00
780,Universiti Teknologi MalaysiaMalaysiaCourses,"17,726",10.9,17%,52:48:00
781,Universiti Teknologi PetronasMalaysiaCourses,"6,448",16.5,21%,33 : 67
782,University of Texas at ArlingtonUnited StatesCoursesEnquire,"27,061",23.8,15%,55:45:00
783,University of Texas at El PasoUnited StatesCoursesEnquire,"16,744",23.6,8%,53:47:00
784,Texas Tech UniversityUnited StatesCoursesEnquire,"32,486",22.2,9%,46:54:00
785,Tezpur UniversityIndiaCourses,"3,454",12.4,0%,38 : 62
786,University of Trás-os-Montes and Alto DouroPortugalCourses,"6,770",12.4,4%,57:43:00
787,Ulster UniversityUnited KingdomCoursesEnquire,"17,919",18.9,8%,56:44:00
788,University of VigoSpainCourses,"19,699",17,6%,50:50:00
789,University of WarsawPolandCourses,"49,752",14,9%,65:35:00
790,Waseda UniversityJapanCourses,"49,761",16,10%,37 : 63
791,University of the West of EnglandUnited KingdomCoursesEnquire,"20,893",18,20%,53:47:00
792,University of the Western CapeSouth AfricaCourses,"21,246",32.4,8%,60:40:00
793,Western Washington UniversityUnited StatesCoursesEnquire,"13,726",17.7,1%,57:43:00
794,University of WestminsterUnited KingdomCoursesEnquire,"16,966",18.1,47%,59:41:00
795,West Virginia UniversityUnited StatesCoursesEnquire,"23,689",16.8,8%,47:53:00
796,University of WindsorCanadaCoursesEnquire,"13,427",24.8,18%,n/a
797,University of WolverhamptonUnited KingdomCoursesEnquire,"15,468",20.4,21%,59:41:00
798,Yeungnam UniversitySouth KoreaCourses,"20,389",14.5,5%,50:50:00
799,Yokohama City UniversityJapanCourses,"4,910",3.7,2%,56:44:00
800,University of ZaragozaSpainCourses,"28,008",10.3,4%,54:46:00
801,Acharya Nagarjuna UniversityIndiaCourses,"4,730",13.4,5%,35 : 65
802,University of A CoruñaSpainCourses,"15,159",11.4,2%,52:48:00
803,"Adam Mickiewicz University, PoznańPolandCourses","37,630",14,2%,70:30:00
804,AGH University of Science and TechnologyPolandCourses,"31,252",14.1,2%,n/a
805,"University of Agriculture, FaisalabadPakistanCourses","22,178",32,0%,42:58:00
806,Aichi Medical UniversityJapanCourses,"1,272",2.9,1%,60:40:00
807,Ajou UniversitySouth KoreaCourses,"11,349",10,5%,36 : 64
808,Alexandria UniversityEgyptCourses,"175,270",25,3%,54:46:00
809,Al-Farabi Kazakh National UniversityKazakhstanCourses,"16,931",4.6,14%,56:44:00
810,University of AlicanteSpainCourses,"27,639",19,9%,58:42:00
811,Aligarh Muslim UniversityIndiaCourses,"17,884",14.3,2%,32 : 68
812,University of AlmeríaSpainCourses,"12,883",19.2,7%,56:44:00
813,American University of SharjahUnited Arab EmiratesCourses,"5,769",14.2,84%,49:51:00
814,Anadolu UniversityTurkeyCourses,"1,413,003",865.8,1%,44:56:00
815,"Asia University, TaiwanTaiwanCourses","12,320",26,3%,58:42:00
816,Atılım UniversityTurkeyCoursesExplore,"7,624",13.7,7%,40 : 60
817,Austral University of ChileChileCourses,"14,873",16.7,2%,49:51:00
818,Universidad Autónoma de QuerétaroMexicoCourses,"21,812",36.8,1%,56:44:00
819,Azarbaijan Shahid Madani UniversityIranCourses,"6,322",23.9,0%,65:35:00
820,Babeş-Bolyai UniversityRomaniaCourses,"36,888",24.5,2%,64:36:00
821,University of BaghdadIraqCourses,"66,948",10.2,0%,58:42:00
822,Bandung Institute of Technology (ITB)IndonesiaCourses,"18,643",11.8,2%,41:59:00
823,Bauman Moscow State Technical UniversityRussian FederationCourses,"20,510",3.9,7%,25 : 75
824,University of BedfordshireUnited KingdomCoursesEnquire,"10,683",18.8,32%,62:38:00
825,Beijing Jiaotong UniversityChinaCourses,"25,110",13.4,7%,n/a
826,University of BéjaïaAlgeriaCourses,"42,689",25.8,0%,61:39:00
827,Belgorod State National Research UniversityRussian FederationCourses,"13,883",12.9,15%,67:33:00
828,University of BelgradeSerbiaCourses,"99,760",21.1,5%,61:39:00
829,"Birla Institute of Technology and Science, PilaniIndiaCourses","12,612",17.2,0%,0.847916667
830,University of BrasíliaBrazilCourses,"52,039",18.4,2%,51:49:00
831,Brno University of TechnologyCzech RepublicCourses,"21,522",20.8,21%,28 : 72
832,University of BucharestRomaniaCourses,"31,388",24.2,2%,70:30:00
833,Budapest University of Technology and EconomicsHungaryCourses,"19,499",17.6,7%,30 : 70
834,University of BurgosSpainCourses,"7,394",13.4,3%,56:44:00
835,Cairo UniversityEgyptCourses,"233,999",42.1,2%,47:53:00
836,"California Polytechnic State University, San Luis ObispoUnited StatesCoursesEnquire","19,461",20.1,2%,48:52:00
837,Capital Medical UniversityChinaCourses,"12,826",7.1,5%,68:32:00
838,University of Castilla-La ManchaSpainCoursesExplore,"23,309",13.6,6%,56:44:00
839,University of Central LancashireUnited KingdomCoursesEnquire,"18,389",16.4,18%,57:43:00
840,University of Cergy-PontoiseFranceCourses,"17,161",19.1,15%,56:44:00
841,"University of Chemistry and Technology, PragueCzech RepublicCourses","4,312",10,20%,62:38:00
842,Chiang Mai UniversityThailandCourses,"36,635",16.2,1%,61:39:00
843,"China University of Geosciences, WuhanChinaCourses","28,652",17.2,3%,n/a
844,China University of Mining and TechnologyChinaCourses,"45,518",18.8,2%,30 : 70
845,"China University of Petroleum, BeijingChinaCourses","15,127",18.9,4%,n/a
846,China Pharmaceutical UniversityChinaCourses,"15,646",17,2%,n/a
847,Chongqing UniversityChinaCourses,"47,031",17,4%,n/a
848,Chonnam National UniversitySouth KoreaCoursesExplore,"23,261",17.1,5%,49:51:00
849,Chulalongkorn UniversityThailandCoursesExplore,"36,781",12.3,2%,59:41:00
850,Chung Yuan Christian UniversityTaiwanCourses,"16,034",33,11%,43:57:00
851,Comenius University in BratislavaSlovakiaCourses,"21,376",10.4,12%,67:33:00
852,Czech University of Life Sciences Prague (CULS)Czech RepublicCourses,"17,094",20.5,19%,54:46:00
853,Czech Technical University in PragueCzech RepublicCourses,"20,387",13.1,18%,31 : 69
854,University of DebrecenHungaryCoursesExplore,"26,752",17,16%,56:44:00
855,De La Salle UniversityPhilippinesCoursesExplore,"17,679",19.3,3%,52:48:00
856,University of DerbyUnited KingdomCoursesEnquire,"12,500",14.9,13%,56:44:00
857,Dublin Institute of TechnologyIrelandCourses,"15,288",21,20%,42:58:00
858,East Carolina UniversityUnited StatesCoursesEnquire,"25,297",14.1,2%,59:41:00
859,University of East LondonUnited KingdomCoursesEnquire,"10,639",16.9,32%,63:37:00
860,Edge Hill UniversityUnited KingdomCoursesEnquire,"12,025",14.6,5%,68:32:00
861,Erciyes UniversityTurkeyCourses,"38,308",26.7,3%,47:53:00
862,University of ÉvoraPortugalCourses,"7,254",13.9,12%,55:45:00
863,Fayoum UniversityEgyptCourses,"30,087",15,0%,39 : 61
864,Universidade Federal do ABC (UFABC)BrazilCourses,"14,320",20.9,1%,26 : 74
865,Universidade Federal da BahiaBrazilCourses,"32,614",12.7,1%,52:48:00
866,Federal University of PelotasBrazilCourses,"18,700",14,1%,56:44:00
867,Universidade Federal de Santa CatarinaBrazilCourses,"37,964",16.7,3%,49:51:00
868,Federal University of São CarlosBrazilCourses,"18,258",14.6,2%,49:51:00
869,Ferdowsi University of MashhadIranCourses,"23,334",28.4,5%,57:43:00
870,Ferhat Abbas Sétif University 1AlgeriaCourses,"32,283",21.9,1%,62:38:00
871,Florida Atlantic UniversityUnited StatesCoursesEnquire,"23,449",18.7,11%,60:40:00
872,Florida Institute of TechnologyUnited StatesCoursesEnquire,"5,483",13.8,36%,34 : 66
873,University of La FronteraChileCourses,"10,310",26.5,0%,44:56:00
874,Fu Jen Catholic UniversityTaiwanCourses,"23,161",18.9,8%,58:42:00
875,Gebze Technical UniversityTurkeyCourses,"6,620",25.4,2%,34 : 66
876,University of GhanaGhanaCourses,"37,010",24.6,2%,44:56:00
877,University of GuilanIranCourses,"16,525",27.4,0%,56:44:00
878,Hamamatsu University School of MedicineJapanCourses,"1,205",3.8,1%,49:51:00
879,Hyogo College of MedicineJapanCourses,878,1.9,1%,36 : 64
880,Indian Institute of Science Education and Research KolkataIndiaCourses,"1,199",12.5,0%,27 : 73
881,Indian Institute of Technology (Indian School of Mines) DhanbadIndiaCourses,"7,370",23,1%,0.643055556
882,Universidad Industrial de Santander (UIS)ColombiaCourses,"20,014",23.9,0%,46:54:00
883,Inha UniversitySouth KoreaCourses,"19,384",23.7,5%,39 : 61
884,Iran University of Medical SciencesIranCourses,"8,600",8.4,3%,50:50:00
885,University of IsfahanIranCourses,"12,900",19.8,1%,59:41:00
886,Istanbul UniversityTurkeyCourses,"93,109",44.7,8%,48:52:00
887,Iuliu Haţieganu University of Medicine and Pharmacy Cluj-NapocaRomaniaCourses,"7,121",6.9,33%,64:36:00
888,University of JaénSpainCourses,"15,728",19.2,8%,55:45:00
889,Jamia Millia IslamiaIndiaCourses,"11,902",10.9,2%,42:58:00
890,Jeonbuk National UniversitySouth KoreaCoursesExplore,"21,221",20.6,4%,45:55:00
891,Jiangsu UniversityChinaCoursesExplore,"34,251",9.5,4%,42:58:00
892,Jikei University School of MedicineJapanCourses,"1,041",0.9,0%,46:54:00
893,Jilin UniversityChinaCoursesExplore,"69,305",10.7,3%,48:52:00
894,Jinan UniversityChinaCoursesExplore,"35,904",14.4,28%,59:41:00
895,The University of JordanJordanCourses,"31,305",16.7,15%,66:34:00
896,Kagawa UniversityJapanCourses,"6,426",9.5,2%,40 : 60
897,Kanazawa UniversityJapanCourses,"10,430",10.4,5%,36 : 64
898,Kansai Medical UniversityJapanCourses,845,1.2,2%,37 : 63
899,Kaohsiung Medical UniversityTaiwanCourses,"6,896",12,7%,56:44:00
900,King Mongkut’s University of Technology ThonburiThailandCourses,"16,410",22.3,1%,47:53:00
901,K.N. Toosi University of TechnologyIranCourses,"6,646",21.6,1%,33 : 67
902,Kochi UniversityJapanCourses,"5,563",8.2,2%,45:55:00
903,Kumamoto UniversityJapanCourses,"10,237",7.7,7%,37 : 63
904,Kuwait UniversityKuwaitCourses,"37,207",22,14%,73:27:00
905,Kyungpook National UniversitySouth KoreaCoursesExplore,"24,981",20.4,6%,44:56:00
906,Kyushu Institute of Technology (Kyutech)JapanCourses,"5,723",16.4,4%,0.602083333
907,University of LatviaLatviaCourses,"15,197",13.6,5%,63:37:00
908,Leeds Beckett UniversityUnited KingdomCoursesEnquire,"20,099",20,13%,50:50:00
909,University of MariborSloveniaCourses,"12,571",14.4,5%,54:46:00
910,University of Marrakech Cadi AyyadMoroccoCourses,"85,610",55.6,1%,48:52:00
911,University of MazandaranIranCourses,"13,164",36.2,2%,64:36:00
912,Metropolitan Autonomous UniversityMexicoCourses,"57,742",20.1,0%,48:52:00
913,Mohammed V University of RabatMoroccoCourses,"75,254",33.1,4%,56:44:00
914,University of MurciaSpainCoursesExplore,"30,233",18.1,7%,61:39:00
915,Nagasaki UniversityJapanCourses,"9,144",6.9,4%,37 : 63
916,Nagoya City UniversityJapanCourses,"4,385",7.5,3%,52:48:00
917,National Central UniversityTaiwanCourses,"11,277",9.7,10%,34 : 66
918,National Chengchi UniversityTaiwanCourses,"14,670",17.8,16%,57:43:00
919,National Chung Hsing UniversityTaiwanCourses,"15,163",15.5,4%,39 : 61
920,National University of CuyoArgentinaCourses,"45,269",10.1,8%,58:42:00
921,National Dong Hwa UniversityTaiwanCoursesExplore,"10,154",17.9,9%,50:50:00
922,"National Institute of Technology, TiruchirappalliIndiaCourses","5,981",18.5,7%,1.011805556
923,National University of San MartínArgentinaCourses,"14,981",15.6,5%,66:34:00
924,National University of Sciences and TechnologyPakistanCourses,"10,446",7.6,3%,35 : 65
925,National Taipei UniversityTaiwanCourses,"8,580",16.9,4%,54:46:00
926,National Taipei University of TechnologyTaiwanCoursesExplore,"10,092",16.3,8%,26 : 74
927,National Taiwan Ocean UniversityTaiwanCourses,"8,707",21.9,7%,31 : 69
928,Niigata UniversityJapanCoursesExplore,"12,430",7.9,4%,38 : 62
929,Normandy UniversityFranceCoursesVerify Documents,"66,189",20.7,11%,n/a
930,Northeastern UniversityChinaCourses,"33,718",14.4,4%,n/a
931,University of Northern British Columbia (UNBC)CanadaCoursesEnquire,"2,684",14.2,9%,60:40:00
932,Northwest UniversityChinaCourses,"23,155",14.4,3%,56:44:00
933,NorthWest A&F UniversityChinaCourses,"29,666",15.5,1%,48:52:00
934,Novosibirsk State Technical UniversityRussian FederationCourses,"12,643",11.6,17%,43:57:00
935,Oakland UniversityUnited StatesCoursesEnquire,"15,927",19.3,3%,58:42:00
936,Ocean University of ChinaChinaCourses,"32,161",17.6,3%,52:48:00
937,Okayama UniversityJapanCourses,"13,189",7.9,4%,39 : 61
938,Osaka City UniversityJapanCourses,"8,325",8.8,4%,36 : 64
939,Osmania UniversityIndiaCourses,"12,017",16.3,3%,29 : 71
940,University of OstravaCzech RepublicCourses,"9,382",20.4,7%,70:30:00
941,Pablo de Olavide UniversitySpainCourses,"12,025",15.2,17%,60:40:00
942,Paris Nanterre UniversityFranceCourses,"32,735",35,17%,62:38:00
943,University of PatrasGreeceCourses,"26,098",29.9,4%,49:51:00
944,Pondicherry UniversityIndiaCourses,"6,185",17,0%,38 : 62
945,Pontifical Catholic University of PeruPeruCourses,"22,322",7,3%,47:53:00
946,Pontifical Catholic University of Rio Grande do Sul (PUCRS)BrazilCourses,"19,398",23.2,0%,50:50:00
947,Universiti Putra MalaysiaMalaysiaCourses,"23,853",10.2,20%,64:36:00
948,University Rey Juan CarlosSpainCourses,"36,643",26.6,14%,58:42:00
949,Riga Technical UniversityLatviaCourses,"10,564",26.6,10%,34 : 66
950,Robert Gordon UniversityUnited KingdomCoursesEnquire,"9,406",18,23%,61:39:00
951,University of RoehamptonUnited KingdomCoursesEnquire,"7,692",17.1,29%,72:28:00
952,Saitama UniversityJapanCourses,"8,602",13.7,5%,33 : 67
953,Samara National Research University (Samara University)Russian FederationCoursesExplore,"9,934",10.3,7%,51:49:00
954,Universidade Estadual Paulista (Unesp)BrazilCourses,"30,718",9.7,4%,49:51:00
955,Sapporo Medical UniversityJapanCourses,"1,332",3.5,0%,41:59:00
956,University of Science and Technology BeijingChinaCourses,"24,090",14.9,4%,36 : 64
957,University of SeoulSouth KoreaCourses,"8,857",16.8,5%,n/a
958,University of SfaxTunisiaCourses,"33,185",14.4,1%,67:33:00
959,Shahid Beheshti UniversityIranCourses,"18,263",21.3,1%,52:48:00
960,Shahid Beheshti University of Medical SciencesIranCourses,"12,604",9,1%,62:38:00
961,Shanghai UniversityChinaCourses,"36,382",13.4,6%,47:53:00
962,Shantou UniversityChinaCourses,"9,981",11,1%,51:49:00
963,University of SharjahUnited Arab EmiratesCourses,"13,957",23.1,63%,65:35:00
964,Sheffield Hallam UniversityUnited KingdomCoursesEnquire,"24,924",16.6,14%,55:45:00
965,Shinshu UniversityJapanCourses,"10,700",9.9,3%,32 : 68
966,Shiraz UniversityIranCourses,"13,861",20.7,0%,49:51:00
967,Sidi Mohamed Ben Abdellah UniversityMoroccoCourses,"94,163",63.2,2%,40 : 60
968,Sohag UniversityEgyptCourses,"48,895",28.2,0%,58:42:00
969,Southern Medical UniversityChinaCourses,"18,658",6.5,5%,59:41:00
970,University of South WalesUnited KingdomCoursesEnquire,"16,500",17.5,20%,52:48:00
971,Sri Venkateswara UniversityIndiaCourses,"7,747",17.3,0%,40 : 60
972,Staffordshire UniversityUnited KingdomCoursesExplore,"9,456",15.3,14%,50:50:00
973,Sultan Qaboos UniversityOmanCourses,"7,624",8.9,3%,50:50:00
974,Suranaree University of TechnologyThailandCourses,"15,068",31.9,1%,54:46:00
975,University of TalcaChileCourses,"10,628",23.6,1%,52:48:00
976,Tanta UniversityEgyptCourses,"138,971",28.2,2%,56:44:00
977,Teesside UniversityUnited KingdomCoursesEnquire,"11,580",17.9,12%,56:44:00
978,Universiti Tenaga Nasional (UNITEN)MalaysiaCourses,"7,893",17.7,7%,40 : 60
979,Texas State UniversityUnited StatesCoursesEnquire,"31,120",19.7,1%,58:42:00
980,Thapar UniversityIndiaCourses,"7,503",15.5,1%,28 : 72
981,Toho UniversityJapanCourses,"5,096",13.4,0%,50:50:00
982,Tokushima UniversityJapanCourses,"7,566",8.8,2%,35 : 65
983,Tokyo University of Agriculture and TechnologyJapanCourses,"5,795",14.9,6%,30 : 70
984,Tokyo Medical UniversityJapanCourses,"1,333",1.5,0%,50:50:00
985,Tokyo University of ScienceJapanCoursesExplore,"19,162",24.8,2%,0.929861111
986,Toyohashi University of Technology (TUT)JapanCourses,"2,350",9.9,7%,0.438194444
987,Tribhuvan UniversityNepalCourses,"359,377",44.6,0%,44:56:00
988,Tshwane University of TechnologySouth AfricaCourses,"42,846",32.3,2%,52:48:00
989,Universiti Utara MalaysiaMalaysiaCourses,"13,171",12.1,23%,65:35:00
990,Vilnius UniversityLithuaniaCourses,"16,773",11.6,8%,65:35:00
991,VIT UniversityIndiaCourses,"30,941",17.9,3%,27 : 73
992,Warsaw University of TechnologyPolandCourses,"31,672",13.4,5%,34 : 66
993,Wuhan University of TechnologyChinaCourses,"50,924",14,3%,30 : 70
994,Xiangtan UniversityChinaCoursesExplore,"30,928",21.2,1%,53:47:00
995,Xidian UniversityChinaCourses,"33,258",17.4,2%,29 : 71
996,Yamagata UniversityJapanCourses,"8,955",8.6,1%,35 : 65
997,University of YamanashiJapanCourses,"4,725",6.4,4%,31 : 69
998,Yangzhou UniversityChinaCoursesExplore,"36,362",16,3%,55:45:00
999,Yokohama National UniversityJapanCourses,"9,972",12.6,7%,29 : 71
1000,University of ZagrebCroatiaCourses,"66,967",18.7,1%,50:50:00
1001,Ain Shams UniversityEgyptCourses,"171,700",17.4,3%,52:48:00
1002,Akdeniz UniversityTurkeyCourses,"50,491",32,3%,55:45:00
1003,Akita UniversityJapanCourses,"5,074",9.2,4%,35 : 65
1004,Al-Azhar UniversityEgyptCourses,"318,158",41.9,5%,44:56:00
1005,Alexandru Ioan Cuza UniversityRomaniaCourses,"23,255",19.1,6%,65:35:00
1006,Alzahra UniversityIranCourses,"10,590",24.4,1%,100:00:00
1007,Amity UniversityIndiaCourses,"27,278",14,5%,43:57:00
1008,"University of the Andes, VenezuelaVenezuelaCourses","47,565",19,0%,62:38:00
1009,Andhra UniversityIndiaCourses,"9,752",16.8,4%,51:49:00
1010,Universidad Andrés Bello (UNAB)ChileCourses,"44,436",23.5,1%,52:48:00
1011,Ankara UniversityTurkeyCourses,"69,324",18,4%,52:48:00
1012,Annamalai UniversityIndiaCourses,"27,369",14.1,2%,42:58:00
1013,University of AntioquiaColombiaCourses,"40,505",23.3,0%,51:49:00
1014,Aoyama Gakuin UniversityJapanCourses,"19,520",8.2,3%,47:53:00
1015,Assiut UniversityEgyptCourses,"79,183",17.9,0%,45:55:00
1016,Autonomous University of Baja CaliforniaMexicoCoursesExplore,"59,812",20.4,2%,53:47:00
1017,Universidad Autónoma del Estado de HidalgoMexicoCourses,"33,839",17.9,0%,56:44:00
1018,Universidad Autónoma de Nuevo León (UANL)MexicoCourses,"102,466",27.2,1%,n/a
1019,Benemérita Universidad Autónoma de PueblaMexicoCourses,"78,390",35.2,0%,53:47:00
1020,Autonomous University of San Luis PotosiMexicoCourses,"31,102",9.3,1%,50:50:00
1021,Universidad Autónoma del Estado de Mexico (UAEMex)MexicoCourses,"57,087",23.2,0%,59:41:00
1022,Universidad Autónoma de YucatánMexicoCourses,"16,570",14.9,0%,49:51:00
1023,Badji Mokhtar University – AnnabaAlgeriaCourses,"40,514",33.6,1%,52:48:00
1024,Bahauddin Zakariya UniversityPakistanCourses,"24,532",30.2,0%,44:56:00
1025,Bahçeşehir UniversityTurkeyCourses,"14,159",34.2,12%,48:52:00
1026,Belarusian State UniversityBelarusCourses,"29,230",9.2,8%,65:35:00
1027,University of Bío-BíoChileCourses,"12,893",24.7,1%,42:58:00
1028,University of BirjandIranCourses,"11,347",28.7,1%,56:44:00
1029,Birmingham City UniversityUnited KingdomCoursesEnquire,"19,618",18.8,22%,62:38:00
1030,Bucharest University of Economic StudiesRomaniaCourses,"21,447",11.8,3%,47:53:00
1031,Canterbury Christ Church UniversityUnited KingdomCoursesEnquire,"11,728",18.7,12%,67:33:00
1032,Catholic University of the NorthChileCourses,"11,669",20.5,2%,45:55:00
1033,Ceará State UniversityBrazilCourses,"17,934",16.3,0%,56:44:00
1034,Chaoyang University of TechnologyTaiwanCourses,"17,017",43.3,8%,56:44:00
1035,University of ChesterUnited KingdomCoursesEnquire,"10,303",17.5,10%,66:34:00
1036,Chiba Institute of TechnologyJapanCourses,"9,774",30.7,1%,0.561111111
1037,Chubu UniversityJapanCourses,"12,661",24.8,1%,26 : 74
1038,Chungnam National UniversitySouth KoreaCourses,"22,773",21.7,4%,44:56:00
1039,Chuo UniversityJapanCourses,"26,698",37.9,4%,35 : 65
1040,Cochin University of Science and TechnologyIndiaCourses,"8,147",19.2,0%,36 : 64
1041,University of ColomboSri LankaCourses,"29,464",29.5,0%,56:44:00
1042,University of ConcepciónChileCourses,"27,077",17.5,1%,51:49:00
1043,Université Frères Mentouri Constantine 1AlgeriaCourses,"33,735",19.4,0%,55:45:00
1044,Corvinus University of BudapestHungaryCourses,"10,404",24.7,14%,54:46:00
1045,Cukurova UniversityTurkeyCourses,"41,446",18.7,4%,45:55:00
1046,University of Dar es SalaamTanzaniaCourses,"25,282",15.2,0%,33 : 67
1047,Del Rosario UniversityColombiaCourses,"9,568",12.5,1%,n/a
1048,Democritus University of ThraceGreeceCourses,"29,386",46.9,3%,54:46:00
1049,Dokuz Eylül UniversityTurkeyCourses,"63,639",19.2,2%,47:53:00
1050,Doshisha UniversityJapanCourses,"28,311",18.9,4%,40 : 60
1051,"University of Economics, PragueCzech RepublicCourses","14,945",29.2,22%,54:46:00
1052,Ehime UniversityJapanCourses,"9,419",12.8,3%,37 : 63
1053,The University of Electro-CommunicationsJapanCourses,"4,806",15.7,6%,0.520138889
1054,University of Engineering & Technology (UET) LahorePakistanCourses,"12,467",13.9,2%,1.011805556
1055,Far Eastern Federal UniversityRussian FederationCourses,"15,480",9.4,15%,n/a
1056,Universidade Federal do Ceará (UFC)BrazilCourses,"31,719",14.6,1%,47:53:00
1057,Federal University of GoiásBrazilCourses,"29,558",13.3,0%,44:56:00
1058,Federal University of ItajubáBrazilCourses,"8,997",18.2,1%,29 : 71
1059,Federal University of LavrasBrazilCourses,"15,389",22.1,1%,52:48:00
1060,Federal University of ParáBrazilCourses,"49,435",20.7,0%,56:44:00
1061,Universidade Federal do Paraná (UFPR)BrazilCourses,"32,952",12.8,0%,51:49:00
1062,Federal University of PernambucoBrazilCourses,"38,264",14.7,1%,50:50:00
1063,Federal University of Rio Grande do Norte (UFRN)BrazilCourses,"39,365",16.3,0%,56:44:00
1064,Federal University of Santa MariaBrazilCourses,"26,334",13.8,0%,56:44:00
1065,Universidade Tecnológica Federal do Paraná (UTFPR)BrazilCourses,"33,025",13.2,1%,36 : 64
1066,Federal University of UberlândiaBrazilCourses,"20,461",11.5,%,n/a
1067,Federal University of ViçosaBrazilCourses,"17,340",14.6,2%,51:49:00
1068,Feng Chia UniversityTaiwanCourses,"19,811",23.3,15%,37 : 63
1069,Fluminense Federal UniversityBrazilCourses,"68,410",19,0%,49:51:00
1070,University of FukuiJapanCourses,"4,999",9.2,4%,29 : 71
1071,Universitas Gadjah MadaIndonesiaCourses,"41,201",10.5,1%,54:46:00
1072,Gazi UniversityTurkeyCourses,"79,733",31.5,3%,49:51:00
1073,"G.B. Pant University of Agriculture & Technology, PantnagarIndiaCourses","4,389",7.5,0%,43:57:00
1074,University of GdańskPolandCourses,"29,683",17.6,2%,61:39:00
1075,Gdańsk University of TechnologyPolandCourses,"23,017",18.7,2%,40 : 60
1076,Gifu UniversityJapanCourses,"7,161",7.9,4%,35 : 65
1077,GITAM UniversityIndiaCourses,"16,223",14.7,2%,32 : 68
1078,Government College University LahorePakistanCourses,"8,841",33.5,1%,43:57:00
1079,Grigore T. Popa University of Medicine and PharmacyRomaniaCourses,"9,602",11.4,29%,66:34:00
1080,University of GuadalajaraMexicoCoursesExplore,"120,298",52.4,0%,52:48:00
1081,University of GuanajuatoMexicoCourses,"24,798",16.6,1%,52:48:00
1082,Guangxi UniversityChinaCourses,"34,199",15.8,5%,46:54:00
1083,Gunma UniversityJapanCourses,"6,362",7.3,3%,37 : 63
1084,Hallym UniversitySouth KoreaCourses,"8,372",9.8,4%,n/a
1085,Harbin Engineering UniversityChinaCourses,"24,124",14.1,2%,26 : 74
1086,The Hashemite UniversityJordanCourses,"16,879",16.8,4%,58:42:00
1087,Université Hassan II de CasablancaMoroccoCourses,"100,095",30.7,2%,53:47:00
1088,Helwan UniversityEgyptCourses,"154,964",36,1%,58:42:00
1089,Hosei UniversityJapanCourses,"30,364",41,2%,36 : 64
1090,Huaqiao UniversityChinaCourses,"29,637",17.8,11%,49:51:00
1091,University of HyogoJapanCourses,"6,607",14,2%,39 : 61
1092,Ibaraki UniversityJapanCourses,"8,153",12,3%,35 : 65
1093,Imam Abdulrahman Bin Faisal UniversitySaudi ArabiaCoursesExplore,"28,627",10.6,3%,78:22:00
1094,Incheon National UniversitySouth KoreaCourses,"13,807",23,2%,44:56:00
1095,IPB UniversityIndonesiaCourses,"23,044",13.1,1%,58:42:00
1096,I-Shou UniversityTaiwanCourses,"16,425",31.1,9%,47:53:00
1097,Ivane Javakhishvili Tbilisi State UniversityGeorgiaCoursesExplore,"20,225",24.8,2%,62:38:00
1098,Ivan Franko National University of LvivUkraineCourses,"18,210",9.6,1%,75:25:00
1099,Iwate UniversityJapanCourses,"5,626",14.7,3%,37 : 63
1100,Izmir Institute of TechnologyTurkeyCourses,"5,035",22.7,3%,46:54:00
1101,Kagoshima UniversityJapanCourses,"10,498",10.2,3%,38 : 62
1102,Kanagawa UniversityJapanCourses,"18,541",13.8,3%,28 : 72
1103,Kansai UniversityJapanCourses,"30,401",12,3%,39 : 61
1104,Kasetsart UniversityThailandCourses,"68,213",22.9,1%,62:38:00
1105,Kaunas University of TechnologyLithuaniaCourses,"10,146",14,5%,38 : 62
1106,Kazan National Research Technological UniversityRussian FederationCourses,"15,631",10.6,10%,47:53:00
1107,University of KeralaIndiaCourses,"8,210",19.3,0%,56:44:00
1108,Kharazmi UniversityIranCourses,"13,129",20.7,1%,57:43:00
1109,Khon Kaen UniversityThailandCourses,"36,280",18.5,2%,56:44:00
1110,KIIT UniversityIndiaCoursesExplore,"19,633",14,2%,37 : 63
1111,King Mongkut’s Institute of Technology LadkrabangThailandCourses,"22,938",22.4,0%,53:47:00
1112,King Mongkut's University of Technology North BangkokThailandCourses,"25,542",24.1,0%,40 : 60
1113,Kitasato UniversityJapanCourses,"8,539",5.3,0%,53:47:00
1114,Kogakuin UniversityJapanCoursesExplore,"6,531",17,1%,0.684027778
1115,Kookmin UniversitySouth KoreaCourses,"17,299",11.1,9%,45:55:00
1116,Kwansei Gakuin UniversityJapanCourses,"23,965",21.1,3%,48:52:00
1117,Kyoto Institute of TechnologyJapanCourses,"4,060",13.2,5%,27 : 73
1118,University of LahorePakistanCourses,"24,674",14.3,2%,35 : 65
1119,University of LeónSpainCourses,"12,303",14.6,5%,56:44:00
1120,L.N. Gumilyov Eurasian National UniversityKazakhstanCourses,"16,155",4.9,3%,n/a
1121,Lobachevsky State University of Nizhni NovgorodRussian FederationCourses,"18,205",8,7%,53:47:00
1122,University of ŁódźPolandCourses,"33,758",15.2,4%,65:35:00
1123,Lodz University of TechnologyPolandCourses,"17,115",13.1,3%,41:59:00
1124,London South Bank UniversityUnited KingdomCoursesEnquire,"11,965",17.1,34%,56:44:00
1125,Londrina State UniversityBrazilCourses,"23,392",13.7,1%,57:43:00
1126,Lviv Polytechnic National UniversityUkraineCourses,"22,520",11,1%,39 : 61
1127,Maharaja Sayajirao University of BarodaIndiaCourses,"34,111",27.3,0%,58:42:00
1128,Mahasarakham UniversityThailandCourses,"43,552",34.4,0%,63:37:00
1129,Universiti Malaysia Sarawak (UNIMAS)MalaysiaCoursesExplore,"15,426",19.2,5%,65:35:00
1130,Manipal Academy of Higher EducationIndiaCourses,"25,145",9.7,8%,43:57:00
1131,Marmara UniversityTurkeyCourses,"72,603",35.7,4%,52:48:00
1132,Meiji UniversityJapanCourses,"32,270",29.8,4%,32 : 68
1133,Meijo UniversityJapanCourses,"15,422",32.6,2%,27 : 73
1134,Menoufia UniversityEgyptCourses,"82,327",38.7,1%,44:56:00
1135,Universidad Michoacana de San Nicolás de HidalgoMexicoCourses,"39,392",29,1%,51:49:00
1136,Ming Chuan UniversityTaiwanCourses,"18,800",22.7,11%,60:40:00
1137,Minia UniversityEgyptCourses,"58,870",15.9,1%,61:39:00
1138,MIREA - Russian Technological UniversityRussian FederationCourses,"16,441",14.9,3%,31 : 69
1139,University of MiyazakiJapanCourses,"5,507",8.3,2%,35 : 65
1140,University of MonastirTunisiaCourses,"21,267",11.3,1%,68:32:00
1141,Moscow Aviation InstituteRussian FederationCourses,"15,263",10.5,9%,28 : 72
1142,Moscow Power Engineering InstituteRussian FederationCourses,"11,252",15.4,9%,38 : 62
1143,Muroran Institute of TechnologyJapanCoursesExplore,"3,320",18,4%,0.438194444
1144,University of MysoreIndiaCourses,"7,944",20.3,8%,43:57:00
1145,Nagaoka University of TechnologyJapanCourses,"2,388",10.3,12%,0.520138889
1146,Nagoya Institute of TechnologyJapanCourses,"5,637",16.1,4%,0.643055556
1147,University of NairobiKenyaCourses,"72,466",40.4,1%,36 : 64
1148,Nara Medical UniversityJapanCourses,"1,202",3.6,1%,48:52:00
1149,Naresuan UniversityThailandCourses,"23,232",15.8,1%,66:34:00
1150,National Changhua University of EducationTaiwanCourses,"8,124",21.4,8%,53:47:00
1151,National Chiayi UniversityTaiwanCourses,"12,537",26,4%,48:52:00
1152,National Chung Cheng UniversityTaiwanCourses,"14,278",19.9,4%,37 : 63
1153,National University of ColombiaColombiaCourses,"51,844",22,1%,38 : 62
1154,National University of CórdobaArgentinaCourses,"64,491",11.5,2%,63:37:00
1155,National University of KaohsiungTaiwanCourses,"5,599",23.5,4%,41:59:00
1156,National University of La PlataArgentinaCourses,"118,688",23.9,5%,56:44:00
1157,Instituto Politécnico Nacional (IPN)MexicoCourses,"178,492",10.5,0%,38 : 62
1158,National Research University of Electronic Technology (MIET)Russian FederationCourses,"4,197",11.6,3%,31 : 69
1159,National Research Saratov State UniversityRussian FederationCourses,"8,756",9.7,6%,60:40:00
1160,National University of the SouthArgentinaCourses,"20,325",6.9,1%,58:42:00
1161,Nicolaus Copernicus University in ToruńPolandCourses,"23,670",12,2%,69:31:00
1162,University of Nigeria NsukkaNigeriaCourses,"32,429",14.2,1%,48:52:00
1163,North China Electric Power UniversityChinaCourses,"30,412",16.7,1%,35 : 65
1164,Ochanomizu UniversityJapanCourses,"2,947",14.2,5%,100:00:00
1165,Oita UniversityJapanCourses,"5,682",9.4,1%,37 : 63
1166,Ondokuz Mayis UniversityTurkeyCourses,"33,790",30.5,6%,52:48:00
1167,Osaka Prefecture UniversityJapanCourses,"7,794",10,4%,36 : 64
1168,University of PardubiceCzech RepublicCourses,"7,807",14.5,6%,55:45:00
1169,Perm National Research Polytechnic UniversityRussian FederationCourses,"9,509",9,5%,38 : 62
1170,Perm State UniversityRussian FederationCourses,"12,452",14.2,1%,65:35:00
1171,Pirogov Russian National Research Medical UniversityRussian FederationCourses,"8,608",5.7,7%,73:27:00
1172,PMAS Arid Agriculture University RawalpindiPakistanCourses,"10,919",45.5,0%,39 : 61
1173,Universidad Pontificia Bolivariana (UPB)ColombiaCourses,"13,748",11.3,1%,56:44:00
1174,Pontifícia Universidade Católica do ParanáBrazilCourses,"25,198",25.8,1%,52:48:00
1175,Pontifical Catholic University of ValparaísoChileCourses,"15,165",23.1,1%,43:57:00
1176,Prince of Songkla UniversityThailandCourses,"41,469",18,2%,69:31:00
1177,PSG College of TechnologyIndiaCourses,"8,283",15.3,0%,38 : 62
1178,Universidade do Estado do Rio de Janeiro (UERJ)BrazilCourses,"22,918",8.7,0%,57:43:00
1179,Ritsumeikan UniversityJapanCourses,"32,739",17,5%,36 : 64
1180,University of the RyukyusJapanCourses,"8,184",10.9,2%,38 : 62
1181,Saga UniversityJapanCourses,"6,994",9.9,2%,38 : 62
1182,Saitama Medical UniversityJapanCourses,"1,889",1.5,0%,52:48:00
1183,"University of Santiago, Chile (USACH)ChileCourses","24,606",25.9,2%,40 : 60
1184,SASTRA UniversityIndiaCourses,"12,997",16.5,0%,50:50:00
1185,Sathyabama Institute of Science and TechnologyIndiaCourses,"15,886",19.5,1%,48:52:00
1186,University of Sciences and Technology Houari BoumedieneAlgeriaCourses,"35,418",19,1%,n/a
1187,Sechenov UniversityRussian FederationCoursesExplore,"15,320",8.5,13%,79:21:00
1188,Seoul National University of Science and Technology (SeoulTech)South KoreaCourses,"12,407",17.3,3%,34 : 66
1189,Shahid Bahonar University of KermanIranCourses,"14,635",22.2,0%,56:44:00
1190,Shahrood University of TechnologyIranCourses,"8,453",27,0%,46:54:00
1191,Shanghai Maritime UniversityChinaCourses,"23,281",18,3%,40 : 60
1192,Shibaura Institute of Technology TokyoJapanCourses,"7,287",23.9,13%,0.847916667
1193,Shimane UniversityJapanCourses,"6,125",7.9,2%,36 : 64
1194,Shizuoka UniversityJapanCourses,"9,932",13.7,3%,29 : 71
1195,University of ShizuokaJapanCourses,"2,937",11.4,4%,60:40:00
1196,Showa UniversityJapanCourses,"3,650",2,0%,58:42:00
1197,Siberian Federal UniversityRussian FederationCourses,"26,705",15.9,3%,50:50:00
1198,University of Silesia in KatowicePolandCourses,"25,546",13.5,3%,67:33:00
1199,Simón Bolívar UniversityVenezuelaCourses,"11,040",14.9,0%,44:56:00
1200,Slovak University of Technology in BratislavaSlovakiaCourses,"14,579",13,2%,34 : 66
1201,Sofia UniversityBulgariaCourses,"23,029",14.4,5%,65:35:00
1202,University of SonoraMexicoCourses,"29,921",20.9,1%,53:47:00
1203,Sophia UniversityJapanCoursesExplore,"13,281",24.5,9%,54:46:00
1204,University of South AfricaSouth AfricaCourses,"163,520",106.7,8%,67:33:00
1205,University of South ChinaChinaCourses,"21,927",3.6,1%,44:56:00
1206,Southern Federal UniversityRussian FederationCourses,"17,627",8.3,8%,51:49:00
1207,University of Southern MississippiUnited StatesCoursesEnquire,"13,562",18.5,4%,64:36:00
1208,South Valley UniversityEgyptCourses,"46,462",55.9,0%,62:38:00
1209,Southwest Jiaotong UniversityChinaCourses,"36,351",16,2%,25 : 75
1210,Srinakharinwirot UniversityThailandCourses,"23,105",19.5,0%,66:34:00
1211,SRM Institute of Science and TechnologyIndiaCourses,"47,375",16.4,2%,0.929861111
1212,Universidade Estadual de MaringáBrazilCourses,"20,522",11.4,1%,55:45:00
1213,State University of Ponta GrossaBrazilCourses,"10,378",10.8,0%,57:43:00
1214,St Petersburg Electrotechnical University (LETI)Russian FederationCoursesExplore,"8,418",13.1,12%,30 : 70
1215,Tamil Nadu Agricultural UniversityIndiaCourses,"5,893",7.3,0%,62:38:00
1216,Tamkang UniversityTaiwanCourses,"27,041",23.9,7%,48:52:00
1217,University of TarapacáChileCourses,"8,857",25,2%,54:46:00
1218,Taras Shevchenko National University of KyivUkraineCourses,"22,400",8.8,4%,57:43:00
1219,Technical University of KošiceSlovakiaCourses,"9,013",11.6,5%,29 : 71
1220,Technical University of LiberecCzech RepublicCourses,"5,706",11,11%,55:45:00
1221,Universiti Teknologi MARAMalaysiaCourses,"54,418",16.4,0%,66:34:00
1222,Institut Teknologi Sepuluh NopemberIndonesiaCourses,"16,712",13.2,3%,40 : 60
1223,Thammasat UniversityThailandCourses,"33,023",12.2,1%,63:37:00
1224,University of Abou Bekr Belkaïd TlemcenAlgeriaCourses,"44,100",24.3,1%,72:28:00
1225,TOBB University of Economics and TechnologyTurkeyCourses,"5,474",16.5,1%,46:54:00
1226,Tokai UniversityJapanCourses,"30,070",12.9,2%,26 : 74
1227,Tokyo University of AgricultureJapanCourses,"12,145",34.9,2%,41:59:00
1228,Tokyo City UniversityJapanCourses,"7,760",15.9,1%,1.011805556
1229,Tokyo Denki UniversityJapanCourses,"9,315",25.2,2%,0.520138889
1230,Tokyo University of Marine Science and TechnologyJapanCourses,"2,686",11,7%,33 : 67
1231,Tomas Bata University in ZlínCzech RepublicCourses,"8,804",20.2,10%,59:41:00
1232,Tottori UniversityJapanCourses,"6,094",8.2,2%,36 : 64
1233,University of ToyamaJapanCourses,"9,289",12,3%,40 : 60
1234,Toyo UniversityJapanCourses,"30,484",31,4%,41:59:00
1235,University of Tunis El ManarTunisiaCourses,"34,455",10.3,1%,67:33:00
1236,Unisinos UniversityBrazilCourses,"13,475",21.1,1%,52:48:00
1237,Ural Federal UniversityRussian FederationCourses,"24,406",10.9,9%,49:51:00
1238,Urmia UniversityIranCourses,"13,569",27.8,0%,50:50:00
1239,Utsunomiya UniversityJapanCourses,"4,989",13.8,5%,37 : 63
1240,University of ValparaísoChileCourses,"16,535",17.9,3%,57:43:00
1241,University of VeracruzMexicoCourses,"61,886",13.6,0%,53:47:00
1242,"University of Veterinary and Animal Sciences, LahorePakistanCourses","5,255",28.9,1%,47:53:00
1243,V.N. Karazin Kharkiv National UniversityUkraineCourses,"16,069",10.1,29%,55:45:00
1244,Volgograd State Technical UniversityRussian FederationCourses,"13,061",12.5,7%,39 : 61
1245,Voronezh State UniversityRussian FederationCourses,"15,490",11.4,10%,57:43:00
1246,VSB - Technical University of OstravaCzech RepublicCoursesExplore,"14,835",17.3,10%,36 : 64
1247,University of West BohemiaCzech RepublicCourses,"11,984",17.5,4%,52:48:00
1248,Universidade Estadual do Oeste do Paraná (Unioeste)BrazilCourses,"10,919",4.1,0%,59:41:00
1249,West University of TimişoaraRomaniaCourses,"14,189",18.3,4%,64:36:00
1250,Wrocław University of Science and TechnologyPolandCourses,"34,819",18.5,2%,33 : 67
1251,Yamaguchi UniversityJapanCourses,"10,569",10.8,4%,36 : 64
1252,Yanshan UniversityChinaCourses,"32,183",16.3,1%,39 : 61
1253,Yarmouk UniversityJordanCourses,"35,320",34.5,9%,61:39:00
1254,Yazd UniversityIranCourses,"13,635",30.3,0%,57:43:00
1255,Yeditepe UniversityTurkeyCourses,"19,705",18.6,2%,55:45:00
1256,Yuan Ze UniversityTaiwanCourses,"8,186",19.2,9%,42:58:00
1257,Zagazig UniversityEgyptCourses,"135,036",20.6,2%,51:49:00
1258,University of ZanjanIranCourses,"10,606",26.7,0%,55:45:00
